"id","도로명코드","도로명","읍면동일련번호","시도명","입력자ID","입력일자"
"1","291102009001","대남대로","0","광주광역시","cdh3261","2020-03-16 15:03:24"
"2","291102009001","대남대로","1","광주광역시","cdh3261","2020-03-16 15:03:24"
"3","291102009007","필문대로","0","광주광역시","cdh3261","2020-03-16 15:03:24"
"4","291102009007","필문대로","1","광주광역시","cdh3261","2020-03-16 15:03:24"
"5","291102009007","필문대로","2","광주광역시","cdh3261","2020-03-16 15:03:24"
"6","291102009007","필문대로","3","광주광역시","cdh3261","2020-03-16 15:03:24"
"7","291102009007","필문대로","4","광주광역시","cdh3261","2020-03-16 15:03:24"
"8","291102009007","필문대로","5","광주광역시","cdh3261","2020-03-16 15:03:24"
"9","291102009007","필문대로","6","광주광역시","cdh3261","2020-03-16 15:03:24"
"10","291102009007","필문대로","7","광주광역시","cdh3261","2020-03-16 15:03:24"
"11","291102009007","필문대로","8","광주광역시","cdh3261","2020-03-16 15:03:24"
"12","291102009011","서암대로","0","광주광역시","cdh3261","2020-03-16 15:03:24"
"13","291102009011","서암대로","1","광주광역시","cdh3261","2020-03-16 15:03:24"
"14","291103009001","구성로","0","광주광역시","cdh3261","2020-03-16 15:03:24"
"15","291103009001","구성로","1","광주광역시","cdh3261","2020-03-16 15:03:24"
"16","291103009001","구성로","2","광주광역시","cdh3261","2020-03-16 15:03:24"
"17","291103009001","구성로","3","광주광역시","cdh3261","2020-03-16 15:03:24"
"18","291103009001","구성로","4","광주광역시","cdh3261","2020-03-16 15:03:24"
"19","291103009001","구성로","5","광주광역시","cdh3261","2020-03-16 15:03:24"
"20","291103009002","동계천로","0","광주광역시","cdh3261","2020-03-16 15:03:24"
"21","291103009002","동계천로","1","광주광역시","cdh3261","2020-03-16 15:03:24"
"22","291103009002","동계천로","2","광주광역시","cdh3261","2020-03-16 15:03:24"
"23","291103009002","동계천로","3","광주광역시","cdh3261","2020-03-16 15:03:24"
"24","291103009002","동계천로","4","광주광역시","cdh3261","2020-03-16 15:03:24"
"25","291103009002","동계천로","5","광주광역시","cdh3261","2020-03-16 15:03:24"
"26","291103009003","백서로","0","광주광역시","cdh3261","2020-03-16 15:03:24"
"27","291103009003","백서로","1","광주광역시","cdh3261","2020-03-16 15:03:24"
"28","291103009003","백서로","2","광주광역시","cdh3261","2020-03-16 15:03:24"
"29","291103009003","백서로","3","광주광역시","cdh3261","2020-03-16 15:03:24"
"30","291103009003","백서로","4","광주광역시","cdh3261","2020-03-16 15:03:24"
"31","291103009003","백서로","5","광주광역시","cdh3261","2020-03-16 15:03:24"
"32","291103009004","양림로","0","광주광역시","cdh3261","2020-03-16 15:03:24"
"33","291103009004","양림로","1","광주광역시","cdh3261","2020-03-16 15:03:24"
"34","291103009006","제봉로","0","광주광역시","cdh3261","2020-03-16 15:03:24"
"35","291103009006","제봉로","1","광주광역시","cdh3261","2020-03-16 15:03:24"
"36","291103009006","제봉로","2","광주광역시","cdh3261","2020-03-16 15:03:24"
"37","291103009006","제봉로","3","광주광역시","cdh3261","2020-03-16 15:03:24"
"38","291103009006","제봉로","4","광주광역시","cdh3261","2020-03-16 15:03:24"
"39","291103009006","제봉로","5","광주광역시","cdh3261","2020-03-16 15:03:24"
"40","291103009006","제봉로","6","광주광역시","cdh3261","2020-03-16 15:03:24"
"41","291103009006","제봉로","7","광주광역시","cdh3261","2020-03-16 15:03:24"
"42","291103009007","천변좌로","0","광주광역시","cdh3261","2020-03-16 15:03:24"
"43","291103009007","천변좌로","1","광주광역시","cdh3261","2020-03-16 15:03:24"
"44","291103009007","천변좌로","2","광주광역시","cdh3261","2020-03-16 15:03:24"
"45","291103009008","충장로","0","광주광역시","cdh3261","2020-03-16 15:03:24"
"46","291103009008","충장로","1","광주광역시","cdh3261","2020-03-16 15:03:24"
"47","291103009008","충장로","2","광주광역시","cdh3261","2020-03-16 15:03:24"
"48","291103009008","충장로","3","광주광역시","cdh3261","2020-03-16 15:03:24"
"49","291103009008","충장로","4","광주광역시","cdh3261","2020-03-16 15:03:24"
"50","291103009008","충장로","5","광주광역시","cdh3261","2020-03-16 15:03:24"
"51","291103009008","충장로","6","광주광역시","cdh3261","2020-03-16 15:03:24"
"52","291103009008","충장로","7","광주광역시","cdh3261","2020-03-16 15:03:24"
"53","291103009008","충장로","8","광주광역시","cdh3261","2020-03-16 15:03:24"
"54","291103009008","충장로","9","광주광역시","cdh3261","2020-03-16 15:03:24"
"55","291103009008","충장로","10","광주광역시","cdh3261","2020-03-16 15:03:24"
"56","291103009009","화산로","0","광주광역시","cdh3261","2020-03-16 15:03:24"
"57","291103009009","화산로","1","광주광역시","cdh3261","2020-03-16 15:03:24"
"58","291103009017","경양로","0","광주광역시","cdh3261","2020-03-16 15:03:24"
"59","291103009017","경양로","1","광주광역시","cdh3261","2020-03-16 15:03:24"
"60","291103009017","경양로","2","광주광역시","cdh3261","2020-03-16 15:03:24"
"61","291103009017","경양로","3","광주광역시","cdh3261","2020-03-16 15:03:24"
"62","291103009019","금남로","0","광주광역시","cdh3261","2020-03-16 15:03:24"
"63","291103009019","금남로","1","광주광역시","cdh3261","2020-03-16 15:03:24"
"64","291103009019","금남로","2","광주광역시","cdh3261","2020-03-16 15:03:24"
"65","291103009019","금남로","3","광주광역시","cdh3261","2020-03-16 15:03:24"
"66","291103009019","금남로","4","광주광역시","cdh3261","2020-03-16 15:03:24"
"67","291103009019","금남로","5","광주광역시","cdh3261","2020-03-16 15:03:24"
"68","291103009019","금남로","6","광주광역시","cdh3261","2020-03-16 15:03:24"
"69","291103009019","금남로","7","광주광역시","cdh3261","2020-03-16 15:03:24"
"70","291103009020","독립로","0","광주광역시","cdh3261","2020-03-16 15:03:24"
"71","291103009020","독립로","1","광주광역시","cdh3261","2020-03-16 15:03:24"
"72","291103009020","독립로","2","광주광역시","cdh3261","2020-03-16 15:03:24"
"73","291103009020","독립로","3","광주광역시","cdh3261","2020-03-16 15:03:24"
"74","291103009020","독립로","4","광주광역시","cdh3261","2020-03-16 15:03:24"
"75","291103009020","독립로","5","광주광역시","cdh3261","2020-03-16 15:03:24"
"76","291103009021","무등로","0","광주광역시","cdh3261","2020-03-16 15:03:24"
"77","291103009021","무등로","1","광주광역시","cdh3261","2020-03-16 15:03:24"
"78","291103009021","무등로","2","광주광역시","cdh3261","2020-03-16 15:03:24"
"79","291103009024","중흥로","0","광주광역시","cdh3261","2020-03-16 15:03:24"
"80","291103009024","중흥로","1","광주광역시","cdh3261","2020-03-16 15:03:24"
"81","291103009025","천변우로","0","광주광역시","cdh3261","2020-03-16 15:03:24"
"82","291103009025","천변우로","1","광주광역시","cdh3261","2020-03-16 15:03:24"
"83","291103009025","천변우로","2","광주광역시","cdh3261","2020-03-16 15:03:24"
"84","291103009025","천변우로","3","광주광역시","cdh3261","2020-03-16 15:03:24"
"85","291103009025","천변우로","4","광주광역시","cdh3261","2020-03-16 15:03:24"
"86","291103009025","천변우로","5","광주광역시","cdh3261","2020-03-16 15:03:24"
"87","291103009028","중가로","0","광주광역시","cdh3261","2020-03-16 15:03:24"
"88","291103009028","중가로","1","광주광역시","cdh3261","2020-03-16 15:03:24"
"89","291103159001","갈마로","0","광주광역시","cdh3261","2020-03-16 15:03:24"
"90","291103159001","갈마로","1","광주광역시","cdh3261","2020-03-16 15:03:24"
"91","291103159002","계림로","0","광주광역시","cdh3261","2020-03-16 15:03:24"
"92","291103159002","계림로","1","광주광역시","cdh3261","2020-03-16 15:03:24"
"93","291103159002","계림로","2","광주광역시","cdh3261","2020-03-16 15:03:24"
"94","291103159002","계림로","3","광주광역시","cdh3261","2020-03-16 15:03:24"
"95","291103159003","남문로","0","광주광역시","cdh3261","2020-03-16 15:03:24"
"96","291103159003","남문로","1","광주광역시","cdh3261","2020-03-16 15:03:24"
"97","291103159003","남문로","2","광주광역시","cdh3261","2020-03-16 15:03:24"
"98","291103159003","남문로","3","광주광역시","cdh3261","2020-03-16 15:03:24"
"99","291103159003","남문로","4","광주광역시","cdh3261","2020-03-16 15:03:24"
"100","291103159003","남문로","5","광주광역시","cdh3261","2020-03-16 15:03:24"
"101","291103159003","남문로","6","광주광역시","cdh3261","2020-03-16 15:03:24"
"102","291103159004","동계로","0","광주광역시","cdh3261","2020-03-16 15:03:24"
"103","291103159004","동계로","1","광주광역시","cdh3261","2020-03-16 15:03:24"
"104","291103159004","동계로","2","광주광역시","cdh3261","2020-03-16 15:03:24"
"105","291103159005","동명로","0","광주광역시","cdh3261","2020-03-16 15:03:24"
"106","291103159005","동명로","1","광주광역시","cdh3261","2020-03-16 15:03:24"
"107","291103159005","동명로","2","광주광역시","cdh3261","2020-03-16 15:03:24"
"108","291103159005","동명로","3","광주광역시","cdh3261","2020-03-16 15:03:24"
"109","291103159006","문화전당로","0","광주광역시","cdh3261","2020-03-16 15:03:24"
"110","291103159006","문화전당로","1","광주광역시","cdh3261","2020-03-16 15:03:24"
"111","291103159006","문화전당로","2","광주광역시","cdh3261","2020-03-16 15:03:24"
"112","291103159007","서남로","0","광주광역시","cdh3261","2020-03-16 15:03:24"
"113","291103159007","서남로","1","광주광역시","cdh3261","2020-03-16 15:03:24"
"114","291103159008","서석로","0","광주광역시","cdh3261","2020-03-16 15:03:24"
"115","291103159008","서석로","1","광주광역시","cdh3261","2020-03-16 15:03:24"
"116","291103159008","서석로","2","광주광역시","cdh3261","2020-03-16 15:03:24"
"117","291103159008","서석로","3","광주광역시","cdh3261","2020-03-16 15:03:24"
"118","291103159008","서석로","4","광주광역시","cdh3261","2020-03-16 15:03:24"
"119","291103159008","서석로","5","광주광역시","cdh3261","2020-03-16 15:03:24"
"120","291103159008","서석로","6","광주광역시","cdh3261","2020-03-16 15:03:24"
"121","291103159009","선교로","0","광주광역시","cdh3261","2020-03-16 15:03:24"
"122","291103159009","선교로","1","광주광역시","cdh3261","2020-03-16 15:03:24"
"123","291103159009","선교로","2","광주광역시","cdh3261","2020-03-16 15:03:24"
"124","291103159010","의재로","0","광주광역시","cdh3261","2020-03-16 15:03:24"
"125","291103159010","의재로","1","광주광역시","cdh3261","2020-03-16 15:03:24"
"126","291103159010","의재로","2","광주광역시","cdh3261","2020-03-16 15:03:24"
"127","291103159010","의재로","3","광주광역시","cdh3261","2020-03-16 15:03:24"
"128","291103159011","장동로","0","광주광역시","cdh3261","2020-03-16 15:03:24"
"129","291103159011","장동로","1","광주광역시","cdh3261","2020-03-16 15:03:24"
"130","291103159011","장동로","2","광주광역시","cdh3261","2020-03-16 15:03:24"
"131","291103159012","준법로","0","광주광역시","cdh3261","2020-03-16 15:03:24"
"132","291103159012","준법로","1","광주광역시","cdh3261","2020-03-16 15:03:24"
"133","291103159013","증심천로","0","광주광역시","cdh3261","2020-03-16 15:03:24"
"134","291103159013","증심천로","1","광주광역시","cdh3261","2020-03-16 15:03:24"
"135","291103159013","증심천로","2","광주광역시","cdh3261","2020-03-16 15:03:24"
"136","291103159014","지산로","0","광주광역시","cdh3261","2020-03-16 15:03:24"
"137","291103159014","지산로","1","광주광역시","cdh3261","2020-03-16 15:03:24"
"138","291103159014","지산로","2","광주광역시","cdh3261","2020-03-16 15:03:24"
"139","291103159015","지원로","0","광주광역시","cdh3261","2020-03-16 15:03:24"
"140","291103159015","지원로","1","광주광역시","cdh3261","2020-03-16 15:03:24"
"141","291103159016","지호로","0","광주광역시","cdh3261","2020-03-16 15:03:24"
"142","291103159016","지호로","1","광주광역시","cdh3261","2020-03-16 15:03:24"
"143","291103159016","지호로","2","광주광역시","cdh3261","2020-03-16 15:03:24"
"144","291103159016","지호로","3","광주광역시","cdh3261","2020-03-16 15:03:24"
"145","291103159017","학소로","0","광주광역시","cdh3261","2020-03-16 15:03:24"
"146","291103159017","학소로","1","광주광역시","cdh3261","2020-03-16 15:03:24"
"147","291103159017","학소로","2","광주광역시","cdh3261","2020-03-16 15:03:24"
"148","291103160059","2순환로","0","광주광역시","cdh3261","2020-03-16 15:03:24"
"149","291103160059","2순환로","1","광주광역시","cdh3261","2020-03-16 15:03:24"
"150","291103160059","2순환로","2","광주광역시","cdh3261","2020-03-16 15:03:24"
"151","291103161028","용대로","0","광주광역시","cdh3261","2020-03-16 15:03:24"
"152","291103162070","참판로","0","광주광역시","cdh3261","2020-03-16 15:03:24"
"153","291103162070","참판로","1","광주광역시","cdh3261","2020-03-16 15:03:24"
"154","291103162070","참판로","2","광주광역시","cdh3261","2020-03-16 15:03:24"
"155","291103162070","참판로","3","광주광역시","cdh3261","2020-03-16 15:03:24"
"156","291103162072","밤실로","0","광주광역시","cdh3261","2020-03-16 15:03:24"
"157","291103162072","밤실로","1","광주광역시","cdh3261","2020-03-16 15:03:24"
"158","291103162072","밤실로","2","광주광역시","cdh3261","2020-03-16 15:03:24"
"159","291103162073","중앙로","0","광주광역시","cdh3261","2020-03-16 15:03:24"
"160","291103162073","중앙로","1","광주광역시","cdh3261","2020-03-16 15:03:24"
"161","291103162073","중앙로","2","광주광역시","cdh3261","2020-03-16 15:03:24"
"162","291103162073","중앙로","3","광주광역시","cdh3261","2020-03-16 15:03:24"
"163","291103162073","중앙로","4","광주광역시","cdh3261","2020-03-16 15:03:24"
"164","291103162073","중앙로","5","광주광역시","cdh3261","2020-03-16 15:03:24"
"165","291103162073","중앙로","6","광주광역시","cdh3261","2020-03-16 15:03:24"
"166","291103162073","중앙로","7","광주광역시","cdh3261","2020-03-16 15:03:24"
"167","291103162073","중앙로","8","광주광역시","cdh3261","2020-03-16 15:03:24"
"168","291103162073","중앙로","9","광주광역시","cdh3261","2020-03-16 15:03:24"
"169","291103162073","중앙로","10","광주광역시","cdh3261","2020-03-16 15:03:24"
"170","291103162073","중앙로","11","광주광역시","cdh3261","2020-03-16 15:03:24"
"171","291103351302","너릿재로","0","광주광역시","cdh3261","2020-03-16 15:03:24"
"172","291103351936","용산1로","0","광주광역시","cdh3261","2020-03-16 15:03:24"
"173","291103351936","용산1로","1","광주광역시","cdh3261","2020-03-16 15:03:24"
"174","291103351937","용산2로","0","광주광역시","cdh3261","2020-03-16 15:03:24"
"175","291103351937","용산2로","1","광주광역시","cdh3261","2020-03-16 15:03:24"
"176","291104277002","경양로217번길","0","광주광역시","cdh3261","2020-03-16 15:03:24"
"177","291104277002","경양로217번길","1","광주광역시","cdh3261","2020-03-16 15:03:24"
"178","291104277003","경양로223번길","0","광주광역시","cdh3261","2020-03-16 15:03:24"
"179","291104277003","경양로223번길","1","광주광역시","cdh3261","2020-03-16 15:03:24"
"180","291104277004","경양로224번길","0","광주광역시","cdh3261","2020-03-16 15:03:24"
"181","291104277004","경양로224번길","1","광주광역시","cdh3261","2020-03-16 15:03:24"
"182","291104277005","경양로235번길","0","광주광역시","cdh3261","2020-03-16 15:03:24"
"183","291104277005","경양로235번길","1","광주광역시","cdh3261","2020-03-16 15:03:24"
"184","291104277006","경양로236번길","0","광주광역시","cdh3261","2020-03-16 15:03:24"
"185","291104277006","경양로236번길","1","광주광역시","cdh3261","2020-03-16 15:03:24"
"186","291104277007","경양로243번길","0","광주광역시","cdh3261","2020-03-16 15:03:24"
"187","291104277007","경양로243번길","1","광주광역시","cdh3261","2020-03-16 15:03:24"
"188","291104277008","경양로247번길","0","광주광역시","cdh3261","2020-03-16 15:03:24"
"189","291104277008","경양로247번길","1","광주광역시","cdh3261","2020-03-16 15:03:24"
"190","291104277009","경양로248번길","0","광주광역시","cdh3261","2020-03-16 15:03:24"
"191","291104277009","경양로248번길","1","광주광역시","cdh3261","2020-03-16 15:03:24"
"192","291104277010","경양로259번길","0","광주광역시","cdh3261","2020-03-16 15:03:24"
"193","291104277010","경양로259번길","1","광주광역시","cdh3261","2020-03-16 15:03:24"
"194","291104277011","경양로271번길","0","광주광역시","cdh3261","2020-03-16 15:03:24"
"195","291104277011","경양로271번길","1","광주광역시","cdh3261","2020-03-16 15:03:24"
"196","291104277012","경양로277번길","0","광주광역시","cdh3261","2020-03-16 15:03:24"
"197","291104277012","경양로277번길","1","광주광역시","cdh3261","2020-03-16 15:03:24"
"198","291104277013","경양로305번길","0","광주광역시","cdh3261","2020-03-16 15:03:24"
"199","291104277013","경양로305번길","1","광주광역시","cdh3261","2020-03-16 15:03:24"
"200","291104277014","경양로321번길","0","광주광역시","cdh3261","2020-03-16 15:03:24"
"201","291104277014","경양로321번길","1","광주광역시","cdh3261","2020-03-16 15:03:24"
"202","291104277020","경양로347번길","0","광주광역시","cdh3261","2020-03-16 15:03:24"
"203","291104277020","경양로347번길","1","광주광역시","cdh3261","2020-03-16 15:03:24"
"204","291104277021","경양로367번길","0","광주광역시","cdh3261","2020-03-16 15:03:24"
"205","291104277021","경양로367번길","1","광주광역시","cdh3261","2020-03-16 15:03:24"
"206","291104277022","경양로371번길","0","광주광역시","cdh3261","2020-03-16 15:03:24"
"207","291104277022","경양로371번길","1","광주광역시","cdh3261","2020-03-16 15:03:24"
"208","291104277023","경양로379번길","0","광주광역시","cdh3261","2020-03-16 15:03:24"
"209","291104277023","경양로379번길","1","광주광역시","cdh3261","2020-03-16 15:03:24"
"210","291104277024","계림로20번길","0","광주광역시","cdh3261","2020-03-16 15:03:24"
"211","291104277024","계림로20번길","1","광주광역시","cdh3261","2020-03-16 15:03:24"
"212","291104277024","계림로20번길","2","광주광역시","cdh3261","2020-03-16 15:03:24"
"213","291104277025","계림로30번길","0","광주광역시","cdh3261","2020-03-16 15:03:24"
"214","291104277025","계림로30번길","1","광주광역시","cdh3261","2020-03-16 15:03:24"
"215","291104277025","계림로30번길","2","광주광역시","cdh3261","2020-03-16 15:03:24"
"216","291104277028","구성로144번길","0","광주광역시","cdh3261","2020-03-16 15:03:24"
"217","291104277028","구성로144번길","1","광주광역시","cdh3261","2020-03-16 15:03:24"
"218","291104277029","구성로148번길","0","광주광역시","cdh3261","2020-03-16 15:03:24"
"219","291104277029","구성로148번길","1","광주광역시","cdh3261","2020-03-16 15:03:24"
"220","291104277030","구성로152번길","0","광주광역시","cdh3261","2020-03-16 15:03:24"
"221","291104277030","구성로152번길","1","광주광역시","cdh3261","2020-03-16 15:03:24"
"222","291104277030","구성로152번길","2","광주광역시","cdh3261","2020-03-16 15:03:24"
"223","291104277030","구성로152번길","3","광주광역시","cdh3261","2020-03-16 15:03:24"
"224","291104277031","구성로194번길","0","광주광역시","cdh3261","2020-03-16 15:03:24"
"225","291104277031","구성로194번길","1","광주광역시","cdh3261","2020-03-16 15:03:24"
"226","291104277031","구성로194번길","2","광주광역시","cdh3261","2020-03-16 15:03:24"
"227","291104277031","구성로194번길","3","광주광역시","cdh3261","2020-03-16 15:03:24"
"228","291104277032","구성로204번길","0","광주광역시","cdh3261","2020-03-16 15:03:24"
"229","291104277032","구성로204번길","1","광주광역시","cdh3261","2020-03-16 15:03:24"
"230","291104277033","구성로238번길","0","광주광역시","cdh3261","2020-03-16 15:03:24"
"231","291104277033","구성로238번길","1","광주광역시","cdh3261","2020-03-16 15:03:24"
"232","291104277036","금남로169번길","0","광주광역시","cdh3261","2020-03-16 15:03:24"
"233","291104277036","금남로169번길","1","광주광역시","cdh3261","2020-03-16 15:03:24"
"234","291104277037","남계길","0","광주광역시","cdh3261","2020-03-16 15:03:24"
"235","291104277037","남계길","1","광주광역시","cdh3261","2020-03-16 15:03:24"
"236","291104277038","남문로565번길","0","광주광역시","cdh3261","2020-03-16 15:03:24"
"237","291104277038","남문로565번길","1","광주광역시","cdh3261","2020-03-16 15:03:24"
"238","291104277039","남문로567번길","0","광주광역시","cdh3261","2020-03-16 15:03:24"
"239","291104277039","남문로567번길","1","광주광역시","cdh3261","2020-03-16 15:03:24"
"240","291104277040","남문로587번길","0","광주광역시","cdh3261","2020-03-16 15:03:24"
"241","291104277040","남문로587번길","1","광주광역시","cdh3261","2020-03-16 15:03:24"
"242","291104277041","남문로599번길","0","광주광역시","cdh3261","2020-03-16 15:03:24"
"243","291104277041","남문로599번길","1","광주광역시","cdh3261","2020-03-16 15:03:24"
"244","291104277043","남문로621번길","0","광주광역시","cdh3261","2020-03-16 15:03:24"
"245","291104277043","남문로621번길","1","광주광역시","cdh3261","2020-03-16 15:03:24"
"246","291104277043","남문로621번길","2","광주광역시","cdh3261","2020-03-16 15:03:24"
"247","291104277044","남문로622번길","0","광주광역시","cdh3261","2020-03-16 15:03:24"
"248","291104277044","남문로622번길","1","광주광역시","cdh3261","2020-03-16 15:03:24"
"249","291104277045","남문로634번길","0","광주광역시","cdh3261","2020-03-16 15:03:24"
"250","291104277045","남문로634번길","1","광주광역시","cdh3261","2020-03-16 15:03:24"
"251","291104277046","남문로644번길","0","광주광역시","cdh3261","2020-03-16 15:03:24"
"252","291104277046","남문로644번길","1","광주광역시","cdh3261","2020-03-16 15:03:24"
"253","291104277047","남문로648번길","0","광주광역시","cdh3261","2020-03-16 15:03:24"
"254","291104277047","남문로648번길","1","광주광역시","cdh3261","2020-03-16 15:03:24"
"255","291104277049","남문로693번길","0","광주광역시","cdh3261","2020-03-16 15:03:24"
"256","291104277049","남문로693번길","1","광주광역시","cdh3261","2020-03-16 15:03:24"
"257","291104277050","남문로701번길","0","광주광역시","cdh3261","2020-03-16 15:03:24"
"258","291104277050","남문로701번길","1","광주광역시","cdh3261","2020-03-16 15:03:24"
"259","291104277051","남문로713번길","0","광주광역시","cdh3261","2020-03-16 15:03:24"
"260","291104277051","남문로713번길","1","광주광역시","cdh3261","2020-03-16 15:03:24"
"261","291104277052","남문로724번길","0","광주광역시","cdh3261","2020-03-16 15:03:24"
"262","291104277052","남문로724번길","1","광주광역시","cdh3261","2020-03-16 15:03:24"
"263","291104277053","남문로727번길","0","광주광역시","cdh3261","2020-03-16 15:03:24"
"264","291104277053","남문로727번길","1","광주광역시","cdh3261","2020-03-16 15:03:24"
"265","291104277054","남문로744번길","0","광주광역시","cdh3261","2020-03-16 15:03:24"
"266","291104277054","남문로744번길","1","광주광역시","cdh3261","2020-03-16 15:03:24"
"267","291104277055","남문로753번길","0","광주광역시","cdh3261","2020-03-16 15:03:24"
"268","291104277055","남문로753번길","1","광주광역시","cdh3261","2020-03-16 15:03:24"
"269","291104277056","남문로754번길","0","광주광역시","cdh3261","2020-03-16 15:03:24"
"270","291104277056","남문로754번길","1","광주광역시","cdh3261","2020-03-16 15:03:24"
"271","291104277057","녹동길","0","광주광역시","cdh3261","2020-03-16 15:03:24"
"272","291104277057","녹동길","1","광주광역시","cdh3261","2020-03-16 15:03:24"
"273","291104277057","녹동길","2","광주광역시","cdh3261","2020-03-16 15:03:24"
"274","291104277058","녹동길80번길","0","광주광역시","cdh3261","2020-03-16 15:03:24"
"275","291104277058","녹동길80번길","1","광주광역시","cdh3261","2020-03-16 15:03:24"
"276","291104277059","독립로226번길","0","광주광역시","cdh3261","2020-03-16 15:03:24"
"277","291104277059","독립로226번길","1","광주광역시","cdh3261","2020-03-16 15:03:24"
"278","291104277059","독립로226번길","2","광주광역시","cdh3261","2020-03-16 15:03:24"
"279","291104277060","독립로264번길","0","광주광역시","cdh3261","2020-03-16 15:03:24"
"280","291104277060","독립로264번길","1","광주광역시","cdh3261","2020-03-16 15:03:24"
"281","291104277060","독립로264번길","2","광주광역시","cdh3261","2020-03-16 15:03:24"
"282","291104277061","동계로10번길","0","광주광역시","cdh3261","2020-03-16 15:03:24"
"283","291104277061","동계로10번길","1","광주광역시","cdh3261","2020-03-16 15:03:24"
"284","291104277061","동계로10번길","2","광주광역시","cdh3261","2020-03-16 15:03:24"
"285","291104277061","동계로10번길","3","광주광역시","cdh3261","2020-03-16 15:03:24"
"286","291104277062","동계로12번길","0","광주광역시","cdh3261","2020-03-16 15:03:24"
"287","291104277062","동계로12번길","1","광주광역시","cdh3261","2020-03-16 15:03:24"
"288","291104277062","동계로12번길","2","광주광역시","cdh3261","2020-03-16 15:03:24"
"289","291104277063","동계로13번길","0","광주광역시","cdh3261","2020-03-16 15:03:24"
"290","291104277063","동계로13번길","1","광주광역시","cdh3261","2020-03-16 15:03:24"
"291","291104277064","동계로15번길","0","광주광역시","cdh3261","2020-03-16 15:03:24"
"292","291104277064","동계로15번길","1","광주광역시","cdh3261","2020-03-16 15:03:24"
"293","291104277064","동계로15번길","2","광주광역시","cdh3261","2020-03-16 15:03:24"
"294","291104277065","동계로1번길","0","광주광역시","cdh3261","2020-03-16 15:03:24"
"295","291104277065","동계로1번길","1","광주광역시","cdh3261","2020-03-16 15:03:24"
"296","291104277066","동계로9번길","0","광주광역시","cdh3261","2020-03-16 15:03:24"
"297","291104277066","동계로9번길","1","광주광역시","cdh3261","2020-03-16 15:03:24"
"298","291104277067","동계천로43번길","0","광주광역시","cdh3261","2020-03-16 15:03:24"
"299","291104277067","동계천로43번길","1","광주광역시","cdh3261","2020-03-16 15:03:24"
"300","291104277067","동계천로43번길","2","광주광역시","cdh3261","2020-03-16 15:03:24"
"301","291104277068","동계천로53번길","0","광주광역시","cdh3261","2020-03-16 15:03:24"
"302","291104277068","동계천로53번길","1","광주광역시","cdh3261","2020-03-16 15:03:24"
"303","291104277068","동계천로53번길","2","광주광역시","cdh3261","2020-03-16 15:03:24"
"304","291104277068","동계천로53번길","3","광주광역시","cdh3261","2020-03-16 15:03:24"
"305","291104277069","동계천로6번길","0","광주광역시","cdh3261","2020-03-16 15:03:24"
"306","291104277069","동계천로6번길","1","광주광역시","cdh3261","2020-03-16 15:03:24"
"307","291104277070","동계천로85번길","0","광주광역시","cdh3261","2020-03-16 15:03:24"
"308","291104277070","동계천로85번길","1","광주광역시","cdh3261","2020-03-16 15:03:24"
"309","291104277071","동계천로95번길","0","광주광역시","cdh3261","2020-03-16 15:03:24"
"310","291104277071","동계천로95번길","1","광주광역시","cdh3261","2020-03-16 15:03:24"
"311","291104277072","동명로110번길","0","광주광역시","cdh3261","2020-03-16 15:03:24"
"312","291104277072","동명로110번길","1","광주광역시","cdh3261","2020-03-16 15:03:24"
"313","291104277073","동명로14번길","0","광주광역시","cdh3261","2020-03-16 15:03:24"
"314","291104277073","동명로14번길","1","광주광역시","cdh3261","2020-03-16 15:03:24"
"315","291104277074","동명로20번길","0","광주광역시","cdh3261","2020-03-16 15:03:24"
"316","291104277074","동명로20번길","1","광주광역시","cdh3261","2020-03-16 15:03:24"
"317","291104277075","동명로25번길","0","광주광역시","cdh3261","2020-03-16 15:03:24"
"318","291104277075","동명로25번길","1","광주광역시","cdh3261","2020-03-16 15:03:24"
"319","291104277076","동명로26번길","0","광주광역시","cdh3261","2020-03-16 15:03:24"
"320","291104277076","동명로26번길","1","광주광역시","cdh3261","2020-03-16 15:03:24"
"321","291104277077","동명로67번길","0","광주광역시","cdh3261","2020-03-16 15:03:24"
"322","291104277077","동명로67번길","1","광주광역시","cdh3261","2020-03-16 15:03:24"
"323","291104277077","동명로67번길","2","광주광역시","cdh3261","2020-03-16 15:03:24"
"324","291104277077","동명로67번길","3","광주광역시","cdh3261","2020-03-16 15:03:24"
"325","291104277078","동명로69번길","0","광주광역시","cdh3261","2020-03-16 15:03:24"
"326","291104277078","동명로69번길","1","광주광역시","cdh3261","2020-03-16 15:03:24"
"327","291104277078","동명로69번길","2","광주광역시","cdh3261","2020-03-16 15:03:24"
"328","291104277079","동명로70번길","0","광주광역시","cdh3261","2020-03-16 15:03:24"
"329","291104277079","동명로70번길","1","광주광역시","cdh3261","2020-03-16 15:03:24"
"330","291104277080","동명로82번길","0","광주광역시","cdh3261","2020-03-16 15:03:24"
"331","291104277080","동명로82번길","1","광주광역시","cdh3261","2020-03-16 15:03:24"
"332","291104277080","동명로82번길","2","광주광역시","cdh3261","2020-03-16 15:03:24"
"333","291104277081","동명로98번길","0","광주광역시","cdh3261","2020-03-16 15:03:24"
"334","291104277081","동명로98번길","1","광주광역시","cdh3261","2020-03-16 15:03:24"
"335","291104277081","동명로98번길","2","광주광역시","cdh3261","2020-03-16 15:03:24"
"336","291104277082","동산길","0","광주광역시","cdh3261","2020-03-16 15:03:24"
"337","291104277082","동산길","1","광주광역시","cdh3261","2020-03-16 15:03:24"
"338","291104277083","동산길129번길","0","광주광역시","cdh3261","2020-03-16 15:03:24"
"339","291104277083","동산길129번길","1","광주광역시","cdh3261","2020-03-16 15:03:24"
"340","291104277084","동산길7번길","0","광주광역시","cdh3261","2020-03-16 15:03:24"
"341","291104277084","동산길7번길","1","광주광역시","cdh3261","2020-03-16 15:03:24"
"342","291104277085","무등로307번길","0","광주광역시","cdh3261","2020-03-16 15:03:24"
"343","291104277085","무등로307번길","1","광주광역시","cdh3261","2020-03-16 15:03:24"
"344","291104277086","무등로321번길","0","광주광역시","cdh3261","2020-03-16 15:03:24"
"345","291104277086","무등로321번길","1","광주광역시","cdh3261","2020-03-16 15:03:24"
"346","291104277087","무등로333번길","0","광주광역시","cdh3261","2020-03-16 15:03:24"
"347","291104277087","무등로333번길","1","광주광역시","cdh3261","2020-03-16 15:03:24"
"348","291104277088","무등로359번길","0","광주광역시","cdh3261","2020-03-16 15:03:24"
"349","291104277088","무등로359번길","1","광주광역시","cdh3261","2020-03-16 15:03:24"
"350","291104277089","무등로375번길","0","광주광역시","cdh3261","2020-03-16 15:03:24"
"351","291104277089","무등로375번길","1","광주광역시","cdh3261","2020-03-16 15:03:24"
"352","291104277090","무등로383번길","0","광주광역시","cdh3261","2020-03-16 15:03:24"
"353","291104277090","무등로383번길","1","광주광역시","cdh3261","2020-03-16 15:03:24"
"354","291104277091","무등로384번길","0","광주광역시","cdh3261","2020-03-16 15:03:24"
"355","291104277091","무등로384번길","1","광주광역시","cdh3261","2020-03-16 15:03:24"
"356","291104277091","무등로384번길","2","광주광역시","cdh3261","2020-03-16 15:03:24"
"357","291104277092","무등로415번길","0","광주광역시","cdh3261","2020-03-16 15:03:24"
"358","291104277092","무등로415번길","1","광주광역시","cdh3261","2020-03-16 15:03:24"
"359","291104277092","무등로415번길","2","광주광역시","cdh3261","2020-03-16 15:03:24"
"360","291104277093","무등로433번길","0","광주광역시","cdh3261","2020-03-16 15:03:24"
"361","291104277093","무등로433번길","1","광주광역시","cdh3261","2020-03-16 15:03:24"
"362","291104277094","무등로449번길","0","광주광역시","cdh3261","2020-03-16 15:03:24"
"363","291104277094","무등로449번길","1","광주광역시","cdh3261","2020-03-16 15:03:24"
"364","291104277095","무등로557번길","0","광주광역시","cdh3261","2020-03-16 15:03:24"
"365","291104277095","무등로557번길","1","광주광역시","cdh3261","2020-03-16 15:03:24"
"366","291104277096","문화전당로16번길","0","광주광역시","cdh3261","2020-03-16 15:03:24"
"367","291104277096","문화전당로16번길","1","광주광역시","cdh3261","2020-03-16 15:03:24"
"368","291104277097","문화전당로23번길","0","광주광역시","cdh3261","2020-03-16 15:03:24"
"369","291104277097","문화전당로23번길","1","광주광역시","cdh3261","2020-03-16 15:03:24"
"370","291104277097","문화전당로23번길","2","광주광역시","cdh3261","2020-03-16 15:03:24"
"371","291104277098","문화전당로26번길","0","광주광역시","cdh3261","2020-03-16 15:03:24"
"372","291104277098","문화전당로26번길","1","광주광역시","cdh3261","2020-03-16 15:03:24"
"373","291104277098","문화전당로26번길","2","광주광역시","cdh3261","2020-03-16 15:03:24"
"374","291104277098","문화전당로26번길","3","광주광역시","cdh3261","2020-03-16 15:03:24"
"375","291104277098","문화전당로26번길","4","광주광역시","cdh3261","2020-03-16 15:03:24"
"376","291104277099","문화전당로35번길","0","광주광역시","cdh3261","2020-03-16 15:03:24"
"377","291104277099","문화전당로35번길","1","광주광역시","cdh3261","2020-03-16 15:03:24"
"378","291104277099","문화전당로35번길","2","광주광역시","cdh3261","2020-03-16 15:03:24"
"379","291104277099","문화전당로35번길","3","광주광역시","cdh3261","2020-03-16 15:03:24"
"380","291104277099","문화전당로35번길","4","광주광역시","cdh3261","2020-03-16 15:03:24"
"381","291104277101","밤실로116번길","0","광주광역시","cdh3261","2020-03-16 15:03:24"
"382","291104277101","밤실로116번길","1","광주광역시","cdh3261","2020-03-16 15:03:24"
"383","291104277102","밤실로120번길","0","광주광역시","cdh3261","2020-03-16 15:03:24"
"384","291104277102","밤실로120번길","1","광주광역시","cdh3261","2020-03-16 15:03:24"
"385","291104277103","밤실로136번길","0","광주광역시","cdh3261","2020-03-16 15:03:24"
"386","291104277103","밤실로136번길","1","광주광역시","cdh3261","2020-03-16 15:03:24"
"387","291104277106","밤실로20번길","0","광주광역시","cdh3261","2020-03-16 15:03:24"
"388","291104277106","밤실로20번길","1","광주광역시","cdh3261","2020-03-16 15:03:24"
"389","291104277107","밤실로23번길","0","광주광역시","cdh3261","2020-03-16 15:03:24"
"390","291104277107","밤실로23번길","1","광주광역시","cdh3261","2020-03-16 15:03:24"
"391","291104277108","밤실로30번길","0","광주광역시","cdh3261","2020-03-16 15:03:24"
"392","291104277108","밤실로30번길","1","광주광역시","cdh3261","2020-03-16 15:03:24"
"393","291104277109","밤실로39번길","0","광주광역시","cdh3261","2020-03-16 15:03:24"
"394","291104277109","밤실로39번길","1","광주광역시","cdh3261","2020-03-16 15:03:24"
"395","291104277110","밤실로3번길","0","광주광역시","cdh3261","2020-03-16 15:03:24"
"396","291104277110","밤실로3번길","1","광주광역시","cdh3261","2020-03-16 15:03:24"
"397","291104277111","밤실로42번길","0","광주광역시","cdh3261","2020-03-16 15:03:24"
"398","291104277111","밤실로42번길","1","광주광역시","cdh3261","2020-03-16 15:03:24"
"399","291104277112","밤실로43번길","0","광주광역시","cdh3261","2020-03-16 15:03:24"
"400","291104277112","밤실로43번길","1","광주광역시","cdh3261","2020-03-16 15:03:24"
"401","291104277113","밤실로4번길","0","광주광역시","cdh3261","2020-03-16 15:03:24"
"402","291104277113","밤실로4번길","1","광주광역시","cdh3261","2020-03-16 15:03:24"
"403","291104277114","밤실로4번안길","0","광주광역시","cdh3261","2020-03-16 15:03:24"
"404","291104277114","밤실로4번안길","1","광주광역시","cdh3261","2020-03-16 15:03:24"
"405","291104277115","밤실로82번길","0","광주광역시","cdh3261","2020-03-16 15:03:24"
"406","291104277115","밤실로82번길","1","광주광역시","cdh3261","2020-03-16 15:03:24"
"407","291104277116","밤실로89번길","0","광주광역시","cdh3261","2020-03-16 15:03:24"
"408","291104277116","밤실로89번길","1","광주광역시","cdh3261","2020-03-16 15:03:24"
"409","291104277117","밤실로90번길","0","광주광역시","cdh3261","2020-03-16 15:03:24"
"410","291104277117","밤실로90번길","1","광주광역시","cdh3261","2020-03-16 15:03:24"
"411","291104277118","밤실로92번길","0","광주광역시","cdh3261","2020-03-16 15:03:24"
"412","291104277118","밤실로92번길","1","광주광역시","cdh3261","2020-03-16 15:03:24"
"413","291104277119","백서로117번길","0","광주광역시","cdh3261","2020-03-16 15:03:24"
"414","291104277119","백서로117번길","1","광주광역시","cdh3261","2020-03-16 15:03:24"
"415","291104277120","백서로119번길","0","광주광역시","cdh3261","2020-03-16 15:03:24"
"416","291104277120","백서로119번길","1","광주광역시","cdh3261","2020-03-16 15:03:24"
"417","291104277121","백서로125번길","0","광주광역시","cdh3261","2020-03-16 15:03:24"
"418","291104277121","백서로125번길","1","광주광역시","cdh3261","2020-03-16 15:03:24"
"419","291104277121","백서로125번길","2","광주광역시","cdh3261","2020-03-16 15:03:24"
"420","291104277122","백서로137번길","0","광주광역시","cdh3261","2020-03-16 15:03:24"
"421","291104277122","백서로137번길","1","광주광역시","cdh3261","2020-03-16 15:03:24"
"422","291104277122","백서로137번길","2","광주광역시","cdh3261","2020-03-16 15:03:24"
"423","291104277123","백서로153번길","0","광주광역시","cdh3261","2020-03-16 15:03:24"
"424","291104277123","백서로153번길","1","광주광역시","cdh3261","2020-03-16 15:03:24"
"425","291104277123","백서로153번길","2","광주광역시","cdh3261","2020-03-16 15:03:24"
"426","291104277124","백서로166번길","0","광주광역시","cdh3261","2020-03-16 15:03:24"
"427","291104277124","백서로166번길","1","광주광역시","cdh3261","2020-03-16 15:03:24"
"428","291104277124","백서로166번길","2","광주광역시","cdh3261","2020-03-16 15:03:24"
"429","291104277125","백서로167번길","0","광주광역시","cdh3261","2020-03-16 15:03:24"
"430","291104277125","백서로167번길","1","광주광역시","cdh3261","2020-03-16 15:03:24"
"431","291104277126","백서로174번길","0","광주광역시","cdh3261","2020-03-16 15:03:24"
"432","291104277126","백서로174번길","1","광주광역시","cdh3261","2020-03-16 15:03:24"
"433","291104277127","백서로175번길","0","광주광역시","cdh3261","2020-03-16 15:03:24"
"434","291104277127","백서로175번길","1","광주광역시","cdh3261","2020-03-16 15:03:24"
"435","291104277128","백서로176번길","0","광주광역시","cdh3261","2020-03-16 15:03:24"
"436","291104277128","백서로176번길","1","광주광역시","cdh3261","2020-03-16 15:03:24"
"437","291104277129","백서로189번길","0","광주광역시","cdh3261","2020-03-16 15:03:24"
"438","291104277129","백서로189번길","1","광주광역시","cdh3261","2020-03-16 15:03:24"
"439","291104277130","백서로197번길","0","광주광역시","cdh3261","2020-03-16 15:03:24"
"440","291104277130","백서로197번길","1","광주광역시","cdh3261","2020-03-16 15:03:24"
"441","291104277131","백서로198번길","0","광주광역시","cdh3261","2020-03-16 15:03:24"
"442","291104277131","백서로198번길","1","광주광역시","cdh3261","2020-03-16 15:03:24"
"443","291104277132","백서로224번길","0","광주광역시","cdh3261","2020-03-16 15:03:24"
"444","291104277132","백서로224번길","1","광주광역시","cdh3261","2020-03-16 15:03:24"
"445","291104277133","분산길","0","광주광역시","cdh3261","2020-03-16 15:03:24"
"446","291104277133","분산길","1","광주광역시","cdh3261","2020-03-16 15:03:24"
"447","291104277133","분산길","2","광주광역시","cdh3261","2020-03-16 15:03:24"
"448","291104277134","산수길","0","광주광역시","cdh3261","2020-03-16 15:03:24"
"449","291104277134","산수길","1","광주광역시","cdh3261","2020-03-16 15:03:24"
"450","291104277135","산수길23번길","0","광주광역시","cdh3261","2020-03-16 15:03:24"
"451","291104277135","산수길23번길","1","광주광역시","cdh3261","2020-03-16 15:03:24"
"452","291104277136","산수길25번길","0","광주광역시","cdh3261","2020-03-16 15:03:24"
"453","291104277136","산수길25번길","1","광주광역시","cdh3261","2020-03-16 15:03:24"
"454","291104277137","산수길27번길","0","광주광역시","cdh3261","2020-03-16 15:03:24"
"455","291104277137","산수길27번길","1","광주광역시","cdh3261","2020-03-16 15:03:24"
"456","291104277138","산수길35번길","0","광주광역시","cdh3261","2020-03-16 15:03:24"
"457","291104277138","산수길35번길","1","광주광역시","cdh3261","2020-03-16 15:03:24"
"458","291104277138","산수길35번길","2","광주광역시","cdh3261","2020-03-16 15:03:24"
"459","291104277139","산수길39번길","0","광주광역시","cdh3261","2020-03-16 15:03:24"
"460","291104277139","산수길39번길","1","광주광역시","cdh3261","2020-03-16 15:03:24"
"461","291104277139","산수길39번길","2","광주광역시","cdh3261","2020-03-16 15:03:24"
"462","291104277140","산수길3번길","0","광주광역시","cdh3261","2020-03-16 15:03:24"
"463","291104277140","산수길3번길","1","광주광역시","cdh3261","2020-03-16 15:03:24"
"464","291104277141","서남로33번길","0","광주광역시","cdh3261","2020-03-16 15:03:24"
"465","291104277141","서남로33번길","1","광주광역시","cdh3261","2020-03-16 15:03:24"
"466","291104277142","서석로10번길","0","광주광역시","cdh3261","2020-03-16 15:03:24"
"467","291104277142","서석로10번길","1","광주광역시","cdh3261","2020-03-16 15:03:24"
"468","291104277143","서석로7번길","0","광주광역시","cdh3261","2020-03-16 15:03:24"
"469","291104277143","서석로7번길","1","광주광역시","cdh3261","2020-03-16 15:03:24"
"470","291104277143","서석로7번길","2","광주광역시","cdh3261","2020-03-16 15:03:24"
"471","291104277144","서석로85번길","0","광주광역시","cdh3261","2020-03-16 15:03:24"
"472","291104277144","서석로85번길","1","광주광역시","cdh3261","2020-03-16 15:03:24"
"473","291104277144","서석로85번길","2","광주광역시","cdh3261","2020-03-16 15:03:24"
"474","291104277145","성촌길","0","광주광역시","cdh3261","2020-03-16 15:03:24"
"475","291104277145","성촌길","1","광주광역시","cdh3261","2020-03-16 15:03:24"
"476","291104277146","성촌길11번길","0","광주광역시","cdh3261","2020-03-16 15:03:24"
"477","291104277146","성촌길11번길","1","광주광역시","cdh3261","2020-03-16 15:03:24"
"478","291104277147","성촌길5번길","0","광주광역시","cdh3261","2020-03-16 15:03:24"
"479","291104277147","성촌길5번길","1","광주광역시","cdh3261","2020-03-16 15:03:24"
"480","291104277148","소태길","0","광주광역시","cdh3261","2020-03-16 15:03:24"
"481","291104277148","소태길","1","광주광역시","cdh3261","2020-03-16 15:03:24"
"482","291104277149","소태길3번길","0","광주광역시","cdh3261","2020-03-16 15:03:24"
"483","291104277149","소태길3번길","1","광주광역시","cdh3261","2020-03-16 15:03:24"
"484","291104277150","양림로115번길","0","광주광역시","cdh3261","2020-03-16 15:03:24"
"485","291104277150","양림로115번길","1","광주광역시","cdh3261","2020-03-16 15:03:24"
"486","291104277151","양림로119번길","0","광주광역시","cdh3261","2020-03-16 15:03:24"
"487","291104277151","양림로119번길","1","광주광역시","cdh3261","2020-03-16 15:03:24"
"488","291104277152","예술길","0","광주광역시","cdh3261","2020-03-16 15:03:24"
"489","291104277152","예술길","1","광주광역시","cdh3261","2020-03-16 15:03:24"
"490","291104277152","예술길","2","광주광역시","cdh3261","2020-03-16 15:03:24"
"491","291104277153","예술길15번길","0","광주광역시","cdh3261","2020-03-16 15:03:24"
"492","291104277153","예술길15번길","1","광주광역시","cdh3261","2020-03-16 15:03:24"
"493","291104277154","용연길","0","광주광역시","cdh3261","2020-03-16 15:03:24"
"494","291104277154","용연길","1","광주광역시","cdh3261","2020-03-16 15:03:24"
"495","291104277155","용연길24번길","0","광주광역시","cdh3261","2020-03-16 15:03:24"
"496","291104277155","용연길24번길","1","광주광역시","cdh3261","2020-03-16 15:03:24"
"497","291104277156","운림길","0","광주광역시","cdh3261","2020-03-16 15:03:24"
"498","291104277156","운림길","1","광주광역시","cdh3261","2020-03-16 15:03:24"
"499","291104277156","운림길","2","광주광역시","cdh3261","2020-03-16 15:03:24"
"500","291104277157","운림길75번길","0","광주광역시","cdh3261","2020-03-16 15:03:24"
"501","291104277157","운림길75번길","1","광주광역시","cdh3261","2020-03-16 15:03:24"
"502","291104277158","육판서길","0","광주광역시","cdh3261","2020-03-16 15:03:24"
"503","291104277158","육판서길","1","광주광역시","cdh3261","2020-03-16 15:03:24"
"504","291104277159","육판서길143번길","0","광주광역시","cdh3261","2020-03-16 15:03:24"
"505","291104277159","육판서길143번길","1","광주광역시","cdh3261","2020-03-16 15:03:24"
"506","291104277160","의재로109번길","0","광주광역시","cdh3261","2020-03-16 15:03:24"
"507","291104277160","의재로109번길","1","광주광역시","cdh3261","2020-03-16 15:03:24"
"508","291104277160","의재로109번길","2","광주광역시","cdh3261","2020-03-16 15:03:24"
"509","291104277161","의재로136번길","0","광주광역시","cdh3261","2020-03-16 15:03:24"
"510","291104277161","의재로136번길","1","광주광역시","cdh3261","2020-03-16 15:03:24"
"511","291104277162","의재로26번길","0","광주광역시","cdh3261","2020-03-16 15:03:24"
"512","291104277162","의재로26번길","1","광주광역시","cdh3261","2020-03-16 15:03:24"
"513","291104277163","의재로33번길","0","광주광역시","cdh3261","2020-03-16 15:03:24"
"514","291104277163","의재로33번길","1","광주광역시","cdh3261","2020-03-16 15:03:24"
"515","291104277164","의재로35번길","0","광주광역시","cdh3261","2020-03-16 15:03:24"
"516","291104277164","의재로35번길","1","광주광역시","cdh3261","2020-03-16 15:03:24"
"517","291104277165","의재로43번길","0","광주광역시","cdh3261","2020-03-16 15:03:24"
"518","291104277165","의재로43번길","1","광주광역시","cdh3261","2020-03-16 15:03:24"
"519","291104277166","의재로51번길","0","광주광역시","cdh3261","2020-03-16 15:03:24"
"520","291104277166","의재로51번길","1","광주광역시","cdh3261","2020-03-16 15:03:24"
"521","291104277167","의재로82번길","0","광주광역시","cdh3261","2020-03-16 15:03:24"
"522","291104277167","의재로82번길","1","광주광역시","cdh3261","2020-03-16 15:03:24"
"523","291104277168","의재로86번길","0","광주광역시","cdh3261","2020-03-16 15:03:24"
"524","291104277168","의재로86번길","1","광주광역시","cdh3261","2020-03-16 15:03:24"
"525","291104277169","의재로88번길","0","광주광역시","cdh3261","2020-03-16 15:03:24"
"526","291104277169","의재로88번길","1","광주광역시","cdh3261","2020-03-16 15:03:24"
"527","291104277170","의재로96번길","0","광주광역시","cdh3261","2020-03-16 15:03:24"
"528","291104277170","의재로96번길","1","광주광역시","cdh3261","2020-03-16 15:03:24"
"529","291104277171","장동로43번길","0","광주광역시","cdh3261","2020-03-16 15:03:24"
"530","291104277171","장동로43번길","1","광주광역시","cdh3261","2020-03-16 15:03:24"
"531","291104277172","장동로54번길","0","광주광역시","cdh3261","2020-03-16 15:03:24"
"532","291104277172","장동로54번길","1","광주광역시","cdh3261","2020-03-16 15:03:24"
"533","291104277172","장동로54번길","2","광주광역시","cdh3261","2020-03-16 15:03:24"
"534","291104277173","제봉로110번길","0","광주광역시","cdh3261","2020-03-16 15:03:24"
"535","291104277173","제봉로110번길","1","광주광역시","cdh3261","2020-03-16 15:03:24"
"536","291104277174","제봉로138번길","0","광주광역시","cdh3261","2020-03-16 15:03:24"
"537","291104277174","제봉로138번길","1","광주광역시","cdh3261","2020-03-16 15:03:24"
"538","291104277175","제봉로140번길","0","광주광역시","cdh3261","2020-03-16 15:03:24"
"539","291104277175","제봉로140번길","1","광주광역시","cdh3261","2020-03-16 15:03:24"
"540","291104277176","제봉로158번길","0","광주광역시","cdh3261","2020-03-16 15:03:24"
"541","291104277176","제봉로158번길","1","광주광역시","cdh3261","2020-03-16 15:03:24"
"542","291104277177","제봉로178번길","0","광주광역시","cdh3261","2020-03-16 15:03:24"
"543","291104277177","제봉로178번길","1","광주광역시","cdh3261","2020-03-16 15:03:24"
"544","291104277178","제봉로17번길","0","광주광역시","cdh3261","2020-03-16 15:03:24"
"545","291104277178","제봉로17번길","1","광주광역시","cdh3261","2020-03-16 15:03:24"
"546","291104277179","제봉로184번길","0","광주광역시","cdh3261","2020-03-16 15:03:24"
"547","291104277179","제봉로184번길","1","광주광역시","cdh3261","2020-03-16 15:03:24"
"548","291104277180","제봉로190번길","0","광주광역시","cdh3261","2020-03-16 15:03:24"
"549","291104277180","제봉로190번길","1","광주광역시","cdh3261","2020-03-16 15:03:24"
"550","291104277181","제봉로194번길","0","광주광역시","cdh3261","2020-03-16 15:03:24"
"551","291104277181","제봉로194번길","1","광주광역시","cdh3261","2020-03-16 15:03:24"
"552","291104277182","제봉로200번길","0","광주광역시","cdh3261","2020-03-16 15:03:24"
"553","291104277182","제봉로200번길","1","광주광역시","cdh3261","2020-03-16 15:03:24"
"554","291104277183","제봉로212번길","0","광주광역시","cdh3261","2020-03-16 15:03:24"
"555","291104277183","제봉로212번길","1","광주광역시","cdh3261","2020-03-16 15:03:24"
"556","291104277184","제봉로213번길","0","광주광역시","cdh3261","2020-03-16 15:03:24"
"557","291104277184","제봉로213번길","1","광주광역시","cdh3261","2020-03-16 15:03:24"
"558","291104277185","제봉로222번길","0","광주광역시","cdh3261","2020-03-16 15:03:24"
"559","291104277185","제봉로222번길","1","광주광역시","cdh3261","2020-03-16 15:03:24"
"560","291104277186","제봉로82번길","0","광주광역시","cdh3261","2020-03-16 15:03:24"
"561","291104277186","제봉로82번길","1","광주광역시","cdh3261","2020-03-16 15:03:24"
"562","291104277186","제봉로82번길","2","광주광역시","cdh3261","2020-03-16 15:03:24"
"563","291104277187","제봉로98번길","0","광주광역시","cdh3261","2020-03-16 15:03:24"
"564","291104277187","제봉로98번길","1","광주광역시","cdh3261","2020-03-16 15:03:24"
"565","291104277187","제봉로98번길","2","광주광역시","cdh3261","2020-03-16 15:03:24"
"566","291104277188","주남길","0","광주광역시","cdh3261","2020-03-16 15:03:24"
"567","291104277188","주남길","1","광주광역시","cdh3261","2020-03-16 15:03:24"
"568","291104277189","준법로25번길","0","광주광역시","cdh3261","2020-03-16 15:03:24"
"569","291104277189","준법로25번길","1","광주광역시","cdh3261","2020-03-16 15:03:24"
"570","291104277191","중앙로148번길","0","광주광역시","cdh3261","2020-03-16 15:03:24"
"571","291104277191","중앙로148번길","1","광주광역시","cdh3261","2020-03-16 15:03:24"
"572","291104277192","중앙로160번길","0","광주광역시","cdh3261","2020-03-16 15:03:24"
"573","291104277192","중앙로160번길","1","광주광역시","cdh3261","2020-03-16 15:03:24"
"574","291104277192","중앙로160번길","2","광주광역시","cdh3261","2020-03-16 15:03:24"
"575","291104277192","중앙로160번길","3","광주광역시","cdh3261","2020-03-16 15:03:24"
"576","291104277193","중앙로196번길","0","광주광역시","cdh3261","2020-03-16 15:03:24"
"577","291104277193","중앙로196번길","1","광주광역시","cdh3261","2020-03-16 15:03:24"
"578","291104277193","중앙로196번길","2","광주광역시","cdh3261","2020-03-16 15:03:24"
"579","291104277193","중앙로196번길","3","광주광역시","cdh3261","2020-03-16 15:03:24"
"580","291104277193","중앙로196번길","4","광주광역시","cdh3261","2020-03-16 15:03:24"
"581","291104277194","중앙로246번길","0","광주광역시","cdh3261","2020-03-16 15:03:24"
"582","291104277194","중앙로246번길","1","광주광역시","cdh3261","2020-03-16 15:03:24"
"583","291104277195","중앙로252번길","0","광주광역시","cdh3261","2020-03-16 15:03:24"
"584","291104277195","중앙로252번길","1","광주광역시","cdh3261","2020-03-16 15:03:24"
"585","291104277196","중앙로272번길","0","광주광역시","cdh3261","2020-03-16 15:03:24"
"586","291104277196","중앙로272번길","1","광주광역시","cdh3261","2020-03-16 15:03:24"
"587","291104277197","중앙로280번길","0","광주광역시","cdh3261","2020-03-16 15:03:24"
"588","291104277197","중앙로280번길","1","광주광역시","cdh3261","2020-03-16 15:03:24"
"589","291104277198","중앙로290번길","0","광주광역시","cdh3261","2020-03-16 15:03:24"
"590","291104277198","중앙로290번길","1","광주광역시","cdh3261","2020-03-16 15:03:24"
"591","291104277199","중앙로342번길","0","광주광역시","cdh3261","2020-03-16 15:03:24"
"592","291104277199","중앙로342번길","1","광주광역시","cdh3261","2020-03-16 15:03:24"
"593","291104277200","중앙로350번길","0","광주광역시","cdh3261","2020-03-16 15:03:24"
"594","291104277200","중앙로350번길","1","광주광역시","cdh3261","2020-03-16 15:03:24"
"595","291104277201","중흥로209번길","0","광주광역시","cdh3261","2020-03-16 15:03:24"
"596","291104277201","중흥로209번길","1","광주광역시","cdh3261","2020-03-16 15:03:24"
"597","291104277202","중흥로213번길","0","광주광역시","cdh3261","2020-03-16 15:03:24"
"598","291104277202","중흥로213번길","1","광주광역시","cdh3261","2020-03-16 15:03:24"
"599","291104277203","중흥로227번길","0","광주광역시","cdh3261","2020-03-16 15:03:24"
"600","291104277203","중흥로227번길","1","광주광역시","cdh3261","2020-03-16 15:03:24"
"601","291104277204","중흥로235번길","0","광주광역시","cdh3261","2020-03-16 15:03:24"
"602","291104277204","중흥로235번길","1","광주광역시","cdh3261","2020-03-16 15:03:24"
"603","291104277205","중흥로241번길","0","광주광역시","cdh3261","2020-03-16 15:03:24"
"604","291104277205","중흥로241번길","1","광주광역시","cdh3261","2020-03-16 15:03:24"
"605","291104277206","증심사길","0","광주광역시","cdh3261","2020-03-16 15:03:24"
"606","291104277206","증심사길","1","광주광역시","cdh3261","2020-03-16 15:03:24"
"607","291104277207","증심사길160번길","0","광주광역시","cdh3261","2020-03-16 15:03:24"
"608","291104277207","증심사길160번길","1","광주광역시","cdh3261","2020-03-16 15:03:24"
"609","291104277207","증심사길160번길","2","광주광역시","cdh3261","2020-03-16 15:03:24"
"610","291104277208","증심사길30번길","0","광주광역시","cdh3261","2020-03-16 15:03:24"
"611","291104277208","증심사길30번길","1","광주광역시","cdh3261","2020-03-16 15:03:24"
"612","291104277209","증심천로33번길","0","광주광역시","cdh3261","2020-03-16 15:03:24"
"613","291104277209","증심천로33번길","1","광주광역시","cdh3261","2020-03-16 15:03:24"
"614","291104277210","증심천로43번길","0","광주광역시","cdh3261","2020-03-16 15:03:24"
"615","291104277210","증심천로43번길","1","광주광역시","cdh3261","2020-03-16 15:03:24"
"616","291104277211","증심천로89번길","0","광주광역시","cdh3261","2020-03-16 15:03:24"
"617","291104277211","증심천로89번길","1","광주광역시","cdh3261","2020-03-16 15:03:24"
"618","291104277212","지산로38번길","0","광주광역시","cdh3261","2020-03-16 15:03:24"
"619","291104277212","지산로38번길","1","광주광역시","cdh3261","2020-03-16 15:03:24"
"620","291104277213","지산로52번길","0","광주광역시","cdh3261","2020-03-16 15:03:24"
"621","291104277213","지산로52번길","1","광주광역시","cdh3261","2020-03-16 15:03:24"
"622","291104277214","지산로56번길","0","광주광역시","cdh3261","2020-03-16 15:03:24"
"623","291104277214","지산로56번길","1","광주광역시","cdh3261","2020-03-16 15:03:24"
"624","291104277215","지산로57번길","0","광주광역시","cdh3261","2020-03-16 15:03:24"
"625","291104277215","지산로57번길","1","광주광역시","cdh3261","2020-03-16 15:03:24"
"626","291104277216","지산로63번길","0","광주광역시","cdh3261","2020-03-16 15:03:24"
"627","291104277216","지산로63번길","1","광주광역시","cdh3261","2020-03-16 15:03:24"
"628","291104277217","지산로78번길","0","광주광역시","cdh3261","2020-03-16 15:03:24"
"629","291104277217","지산로78번길","1","광주광역시","cdh3261","2020-03-16 15:03:24"
"630","291104277218","지산로85번길","0","광주광역시","cdh3261","2020-03-16 15:03:24"
"631","291104277218","지산로85번길","1","광주광역시","cdh3261","2020-03-16 15:03:24"
"632","291104277219","지산로89번길","0","광주광역시","cdh3261","2020-03-16 15:03:24"
"633","291104277219","지산로89번길","1","광주광역시","cdh3261","2020-03-16 15:03:24"
"634","291104277220","지원로12번길","0","광주광역시","cdh3261","2020-03-16 15:03:24"
"635","291104277220","지원로12번길","1","광주광역시","cdh3261","2020-03-16 15:03:24"
"636","291104277221","지원로42번길","0","광주광역시","cdh3261","2020-03-16 15:03:24"
"637","291104277221","지원로42번길","1","광주광역시","cdh3261","2020-03-16 15:03:24"
"638","291104277222","지원로5번길","0","광주광역시","cdh3261","2020-03-16 15:03:24"
"639","291104277222","지원로5번길","1","광주광역시","cdh3261","2020-03-16 15:03:24"
"640","291104277223","지원로6번길","0","광주광역시","cdh3261","2020-03-16 15:03:24"
"641","291104277223","지원로6번길","1","광주광역시","cdh3261","2020-03-16 15:03:24"
"642","291104277224","지호로100번길","0","광주광역시","cdh3261","2020-03-16 15:03:24"
"643","291104277224","지호로100번길","1","광주광역시","cdh3261","2020-03-16 15:03:24"
"644","291104277225","지호로104번길","0","광주광역시","cdh3261","2020-03-16 15:03:24"
"645","291104277225","지호로104번길","1","광주광역시","cdh3261","2020-03-16 15:03:24"
"646","291104277226","지호로106번길","0","광주광역시","cdh3261","2020-03-16 15:03:24"
"647","291104277226","지호로106번길","1","광주광역시","cdh3261","2020-03-16 15:03:24"
"648","291104277227","지호로124번길","0","광주광역시","cdh3261","2020-03-16 15:03:24"
"649","291104277227","지호로124번길","1","광주광역시","cdh3261","2020-03-16 15:03:24"
"650","291104277228","지호로127번길","0","광주광역시","cdh3261","2020-03-16 15:03:24"
"651","291104277228","지호로127번길","1","광주광역시","cdh3261","2020-03-16 15:03:24"
"652","291104277229","지호로160번길","0","광주광역시","cdh3261","2020-03-16 15:03:24"
"653","291104277229","지호로160번길","1","광주광역시","cdh3261","2020-03-16 15:03:24"
"654","291104277230","지호로164번길","0","광주광역시","cdh3261","2020-03-16 15:03:24"
"655","291104277230","지호로164번길","1","광주광역시","cdh3261","2020-03-16 15:03:24"
"656","291104277231","지호로52번길","0","광주광역시","cdh3261","2020-03-16 15:03:24"
"657","291104277231","지호로52번길","1","광주광역시","cdh3261","2020-03-16 15:03:24"
"658","291104277232","지호로70번길","0","광주광역시","cdh3261","2020-03-16 15:03:24"
"659","291104277232","지호로70번길","1","광주광역시","cdh3261","2020-03-16 15:03:24"
"660","291104277232","지호로70번길","2","광주광역시","cdh3261","2020-03-16 15:03:24"
"661","291104277233","지호로86번길","0","광주광역시","cdh3261","2020-03-16 15:03:24"
"662","291104277233","지호로86번길","1","광주광역시","cdh3261","2020-03-16 15:03:24"
"663","291104277234","참판로6번길","0","광주광역시","cdh3261","2020-03-16 15:03:24"
"664","291104277234","참판로6번길","1","광주광역시","cdh3261","2020-03-16 15:03:24"
"665","291104277234","참판로6번길","2","광주광역시","cdh3261","2020-03-16 15:03:24"
"666","291104277235","충장로22번길","0","광주광역시","cdh3261","2020-03-16 15:03:24"
"667","291104277235","충장로22번길","1","광주광역시","cdh3261","2020-03-16 15:03:24"
"668","291104277235","충장로22번길","2","광주광역시","cdh3261","2020-03-16 15:03:24"
"669","291104277236","충장로46번길","0","광주광역시","cdh3261","2020-03-16 15:03:24"
"670","291104277236","충장로46번길","1","광주광역시","cdh3261","2020-03-16 15:03:24"
"671","291104277236","충장로46번길","2","광주광역시","cdh3261","2020-03-16 15:03:24"
"672","291104277236","충장로46번길","3","광주광역시","cdh3261","2020-03-16 15:03:24"
"673","291104277237","충장로58번길","0","광주광역시","cdh3261","2020-03-16 15:03:24"
"674","291104277237","충장로58번길","1","광주광역시","cdh3261","2020-03-16 15:03:24"
"675","291104277238","충장로안길","0","광주광역시","cdh3261","2020-03-16 15:03:24"
"676","291104277238","충장로안길","1","광주광역시","cdh3261","2020-03-16 15:03:24"
"677","291104277238","충장로안길","2","광주광역시","cdh3261","2020-03-16 15:03:24"
"678","291104277238","충장로안길","3","광주광역시","cdh3261","2020-03-16 15:03:24"
"679","291104277238","충장로안길","4","광주광역시","cdh3261","2020-03-16 15:03:24"
"680","291104277239","칠전길","0","광주광역시","cdh3261","2020-03-16 15:03:24"
"681","291104277239","칠전길","1","광주광역시","cdh3261","2020-03-16 15:03:24"
"682","291104277240","태봉길","0","광주광역시","cdh3261","2020-03-16 15:03:24"
"683","291104277240","태봉길","1","광주광역시","cdh3261","2020-03-16 15:03:24"
"684","291104277241","태봉길13번길","0","광주광역시","cdh3261","2020-03-16 15:03:24"
"685","291104277241","태봉길13번길","1","광주광역시","cdh3261","2020-03-16 15:03:24"
"686","291104277242","태봉길21번길","0","광주광역시","cdh3261","2020-03-16 15:03:24"
"687","291104277242","태봉길21번길","1","광주광역시","cdh3261","2020-03-16 15:03:24"
"688","291104277244","필문대로106번길","0","광주광역시","cdh3261","2020-03-16 15:03:24"
"689","291104277244","필문대로106번길","1","광주광역시","cdh3261","2020-03-16 15:03:24"
"690","291104277244","필문대로106번길","2","광주광역시","cdh3261","2020-03-16 15:03:24"
"691","291104277244","필문대로106번길","3","광주광역시","cdh3261","2020-03-16 15:03:24"
"692","291104277245","필문대로123번길","0","광주광역시","cdh3261","2020-03-16 15:03:24"
"693","291104277245","필문대로123번길","1","광주광역시","cdh3261","2020-03-16 15:03:24"
"694","291104277246","필문대로137번길","0","광주광역시","cdh3261","2020-03-16 15:03:24"
"695","291104277246","필문대로137번길","1","광주광역시","cdh3261","2020-03-16 15:03:24"
"696","291104277247","필문대로145번길","0","광주광역시","cdh3261","2020-03-16 15:03:24"
"697","291104277247","필문대로145번길","1","광주광역시","cdh3261","2020-03-16 15:03:24"
"698","291104277248","필문대로153번길","0","광주광역시","cdh3261","2020-03-16 15:03:24"
"699","291104277248","필문대로153번길","1","광주광역시","cdh3261","2020-03-16 15:03:24"
"700","291104277249","필문대로159번길","0","광주광역시","cdh3261","2020-03-16 15:03:24"
"701","291104277249","필문대로159번길","1","광주광역시","cdh3261","2020-03-16 15:03:24"
"702","291104277250","필문대로165번길","0","광주광역시","cdh3261","2020-03-16 15:03:24"
"703","291104277250","필문대로165번길","1","광주광역시","cdh3261","2020-03-16 15:03:24"
"704","291104277251","필문대로171번길","0","광주광역시","cdh3261","2020-03-16 15:03:24"
"705","291104277251","필문대로171번길","1","광주광역시","cdh3261","2020-03-16 15:03:24"
"706","291104277252","필문대로187번길","0","광주광역시","cdh3261","2020-03-16 15:03:24"
"707","291104277252","필문대로187번길","1","광주광역시","cdh3261","2020-03-16 15:03:24"
"708","291104277253","필문대로191번길","0","광주광역시","cdh3261","2020-03-16 15:03:24"
"709","291104277253","필문대로191번길","1","광주광역시","cdh3261","2020-03-16 15:03:24"
"710","291104277253","필문대로191번길","2","광주광역시","cdh3261","2020-03-16 15:03:24"
"711","291104277254","필문대로192번길","0","광주광역시","cdh3261","2020-03-16 15:03:24"
"712","291104277254","필문대로192번길","1","광주광역시","cdh3261","2020-03-16 15:03:24"
"713","291104277255","필문대로205번길","0","광주광역시","cdh3261","2020-03-16 15:03:24"
"714","291104277255","필문대로205번길","1","광주광역시","cdh3261","2020-03-16 15:03:24"
"715","291104277255","필문대로205번길","2","광주광역시","cdh3261","2020-03-16 15:03:24"
"716","291104277256","필문대로206번길","0","광주광역시","cdh3261","2020-03-16 15:03:24"
"717","291104277256","필문대로206번길","1","광주광역시","cdh3261","2020-03-16 15:03:24"
"718","291104277256","필문대로206번길","2","광주광역시","cdh3261","2020-03-16 15:03:24"
"719","291104277257","필문대로218번길","0","광주광역시","cdh3261","2020-03-16 15:03:24"
"720","291104277257","필문대로218번길","1","광주광역시","cdh3261","2020-03-16 15:03:24"
"721","291104277258","필문대로241번길","0","광주광역시","cdh3261","2020-03-16 15:03:24"
"722","291104277258","필문대로241번길","1","광주광역시","cdh3261","2020-03-16 15:03:24"
"723","291104277258","필문대로241번길","2","광주광역시","cdh3261","2020-03-16 15:03:24"
"724","291104277259","필문대로253번길","0","광주광역시","cdh3261","2020-03-16 15:03:24"
"725","291104277259","필문대로253번길","1","광주광역시","cdh3261","2020-03-16 15:03:24"
"726","291104277259","필문대로253번길","2","광주광역시","cdh3261","2020-03-16 15:03:24"
"727","291104277260","필문대로263번길","0","광주광역시","cdh3261","2020-03-16 15:03:24"
"728","291104277260","필문대로263번길","1","광주광역시","cdh3261","2020-03-16 15:03:24"
"729","291104277260","필문대로263번길","2","광주광역시","cdh3261","2020-03-16 15:03:24"
"730","291104277261","필문대로273번길","0","광주광역시","cdh3261","2020-03-16 15:03:24"
"731","291104277261","필문대로273번길","1","광주광역시","cdh3261","2020-03-16 15:03:24"
"732","291104277261","필문대로273번길","2","광주광역시","cdh3261","2020-03-16 15:03:24"
"733","291104277262","필문대로287번길","0","광주광역시","cdh3261","2020-03-16 15:03:24"
"734","291104277262","필문대로287번길","1","광주광역시","cdh3261","2020-03-16 15:03:24"
"735","291104277262","필문대로287번길","2","광주광역시","cdh3261","2020-03-16 15:03:24"
"736","291104277263","필문대로289번길","0","광주광역시","cdh3261","2020-03-16 15:03:24"
"737","291104277263","필문대로289번길","1","광주광역시","cdh3261","2020-03-16 15:03:24"
"738","291104277263","필문대로289번길","2","광주광역시","cdh3261","2020-03-16 15:03:24"
"739","291104277263","필문대로289번길","3","광주광역시","cdh3261","2020-03-16 15:03:24"
"740","291104277264","필문대로295번길","0","광주광역시","cdh3261","2020-03-16 15:03:24"
"741","291104277264","필문대로295번길","1","광주광역시","cdh3261","2020-03-16 15:03:24"
"742","291104277264","필문대로295번길","2","광주광역시","cdh3261","2020-03-16 15:03:24"
"743","291104277265","필문대로329번길","0","광주광역시","cdh3261","2020-03-16 15:03:24"
"744","291104277265","필문대로329번길","1","광주광역시","cdh3261","2020-03-16 15:03:24"
"745","291104277266","학동길","0","광주광역시","cdh3261","2020-03-16 15:03:24"
"746","291104277266","학동길","1","광주광역시","cdh3261","2020-03-16 15:03:24"
"747","291104277267","학동안길","0","광주광역시","cdh3261","2020-03-16 15:03:24"
"748","291104277267","학동안길","1","광주광역시","cdh3261","2020-03-16 15:03:24"
"749","291104277268","학동안길28번길","0","광주광역시","cdh3261","2020-03-16 15:03:24"
"750","291104277268","학동안길28번길","1","광주광역시","cdh3261","2020-03-16 15:03:24"
"751","291104277269","학소로106번길","0","광주광역시","cdh3261","2020-03-16 15:03:24"
"752","291104277269","학소로106번길","1","광주광역시","cdh3261","2020-03-16 15:03:24"
"753","291104277270","학소로42번길","0","광주광역시","cdh3261","2020-03-16 15:03:24"
"754","291104277270","학소로42번길","1","광주광역시","cdh3261","2020-03-16 15:03:24"
"755","291104277271","학소로62번길","0","광주광역시","cdh3261","2020-03-16 15:03:24"
"756","291104277271","학소로62번길","1","광주광역시","cdh3261","2020-03-16 15:03:24"
"757","291104277272","학소로76번길","0","광주광역시","cdh3261","2020-03-16 15:03:24"
"758","291104277272","학소로76번길","1","광주광역시","cdh3261","2020-03-16 15:03:24"
"759","291104277273","학소로86번길","0","광주광역시","cdh3261","2020-03-16 15:03:24"
"760","291104277273","학소로86번길","1","광주광역시","cdh3261","2020-03-16 15:03:24"
"761","291104277274","학소로86번안길","0","광주광역시","cdh3261","2020-03-16 15:03:24"
"762","291104277274","학소로86번안길","1","광주광역시","cdh3261","2020-03-16 15:03:24"
"763","291104277275","학소로92번길","0","광주광역시","cdh3261","2020-03-16 15:03:24"
"764","291104277275","학소로92번길","1","광주광역시","cdh3261","2020-03-16 15:03:24"
"765","291104277276","화산로238번길","0","광주광역시","cdh3261","2020-03-16 15:03:24"
"766","291104277276","화산로238번길","1","광주광역시","cdh3261","2020-03-16 15:03:24"
"767","291104277277","화산로303번길","0","광주광역시","cdh3261","2020-03-16 15:03:24"
"768","291104277277","화산로303번길","1","광주광역시","cdh3261","2020-03-16 15:03:24"
"769","291104277278","화산로335번길","0","광주광역시","cdh3261","2020-03-16 15:03:24"
"770","291104277278","화산로335번길","1","광주광역시","cdh3261","2020-03-16 15:03:24"
"771","291104277279","화산로337번길","0","광주광역시","cdh3261","2020-03-16 15:03:24"
"772","291104277279","화산로337번길","1","광주광역시","cdh3261","2020-03-16 15:03:24"
"773","291104277280","화산로350번길","0","광주광역시","cdh3261","2020-03-16 15:03:24"
"774","291104277280","화산로350번길","1","광주광역시","cdh3261","2020-03-16 15:03:24"
"775","291104277281","화산로351번길","0","광주광역시","cdh3261","2020-03-16 15:03:24"
"776","291104277281","화산로351번길","1","광주광역시","cdh3261","2020-03-16 15:03:24"
"777","291104277282","남문로61번길","0","광주광역시","cdh3261","2020-03-16 15:03:24"
"778","291104277282","남문로61번길","1","광주광역시","cdh3261","2020-03-16 15:03:24"
"779","291104283660","천변좌로604번안길","0","광주광역시","cdh3261","2020-03-16 15:03:24"
"780","291104283660","천변좌로604번안길","1","광주광역시","cdh3261","2020-03-16 15:03:24"
"781","291104286139","동계천로5번길","0","광주광역시","cdh3261","2020-03-16 15:03:24"
"782","291104286139","동계천로5번길","1","광주광역시","cdh3261","2020-03-16 15:03:24"
"783","291104286235","무등로306번길","0","광주광역시","cdh3261","2020-03-16 15:03:24"
"784","291104286235","무등로306번길","1","광주광역시","cdh3261","2020-03-16 15:03:24"
"785","291104286683","중앙로363번길","0","광주광역시","cdh3261","2020-03-16 15:03:24"
"786","291104286683","중앙로363번길","1","광주광역시","cdh3261","2020-03-16 15:03:24"
"787","291104286757","필문대로60번길","0","광주광역시","cdh3261","2020-03-16 15:03:24"
"788","291104286757","필문대로60번길","1","광주광역시","cdh3261","2020-03-16 15:03:24"
"789","291104286757","필문대로60번길","2","광주광역시","cdh3261","2020-03-16 15:03:24"
"790","291104286758","독립로350번길","0","광주광역시","cdh3261","2020-03-16 15:03:24"
"791","291104286758","독립로350번길","1","광주광역시","cdh3261","2020-03-16 15:03:24"
"792","291104286759","독립로368번길","0","광주광역시","cdh3261","2020-03-16 15:03:24"
"793","291104286759","독립로368번길","1","광주광역시","cdh3261","2020-03-16 15:03:24"
"794","291104286760","독립로372번길","0","광주광역시","cdh3261","2020-03-16 15:03:24"
"795","291104286760","독립로372번길","1","광주광역시","cdh3261","2020-03-16 15:03:24"
"796","291104286761","독립로376번길","0","광주광역시","cdh3261","2020-03-16 15:03:24"
"797","291104286761","독립로376번길","1","광주광역시","cdh3261","2020-03-16 15:03:24"
"798","291104286762","독립로380번길","0","광주광역시","cdh3261","2020-03-16 15:03:24"
"799","291104286762","독립로380번길","1","광주광역시","cdh3261","2020-03-16 15:03:24"
"800","291104286763","독립로384번길","0","광주광역시","cdh3261","2020-03-16 15:03:24"
"801","291104286763","독립로384번길","1","광주광역시","cdh3261","2020-03-16 15:03:24"
"802","291104286764","무등로304번길","0","광주광역시","cdh3261","2020-03-16 15:03:24"
"803","291104286764","무등로304번길","1","광주광역시","cdh3261","2020-03-16 15:03:24"
"804","291104286764","무등로304번길","2","광주광역시","cdh3261","2020-03-16 15:03:24"
"805","291104286765","무등로385번길","0","광주광역시","cdh3261","2020-03-16 15:03:24"
"806","291104286765","무등로385번길","1","광주광역시","cdh3261","2020-03-16 15:03:24"
"807","291104286765","무등로385번길","2","광주광역시","cdh3261","2020-03-16 15:03:24"
"808","291104286766","무등로389번길","0","광주광역시","cdh3261","2020-03-16 15:03:24"
"809","291104286766","무등로389번길","1","광주광역시","cdh3261","2020-03-16 15:03:24"
"810","291104286767","참판로20번길","0","광주광역시","cdh3261","2020-03-16 15:03:24"
"811","291104286767","참판로20번길","1","광주광역시","cdh3261","2020-03-16 15:03:24"
"812","291104286768","참판로26번길","0","광주광역시","cdh3261","2020-03-16 15:03:24"
"813","291104286768","참판로26번길","1","광주광역시","cdh3261","2020-03-16 15:03:24"
"814","291104286768","참판로26번길","2","광주광역시","cdh3261","2020-03-16 15:03:24"
"815","291104286769","천변좌로604번길","0","광주광역시","cdh3261","2020-03-16 15:03:24"
"816","291104286769","천변좌로604번길","1","광주광역시","cdh3261","2020-03-16 15:03:24"
"817","291104286770","천변좌로624번길","0","광주광역시","cdh3261","2020-03-16 15:03:24"
"818","291104286770","천변좌로624번길","1","광주광역시","cdh3261","2020-03-16 15:03:24"
"819","291104286771","천변좌로630번길","0","광주광역시","cdh3261","2020-03-16 15:03:24"
"820","291104286771","천변좌로630번길","1","광주광역시","cdh3261","2020-03-16 15:03:24"
"821","291104286772","천변좌로630번안길","0","광주광역시","cdh3261","2020-03-16 15:03:24"
"822","291104286772","천변좌로630번안길","1","광주광역시","cdh3261","2020-03-16 15:03:24"
"823","291104286773","천변좌로640번길","0","광주광역시","cdh3261","2020-03-16 15:03:24"
"824","291104286773","천변좌로640번길","1","광주광역시","cdh3261","2020-03-16 15:03:24"
"825","291104286774","천변좌로650번길","0","광주광역시","cdh3261","2020-03-16 15:03:24"
"826","291104286774","천변좌로650번길","1","광주광역시","cdh3261","2020-03-16 15:03:24"
"827","291104286775","필문대로80번길","0","광주광역시","cdh3261","2020-03-16 15:03:24"
"828","291104286775","필문대로80번길","1","광주광역시","cdh3261","2020-03-16 15:03:24"
"829","291104286775","필문대로80번길","2","광주광역시","cdh3261","2020-03-16 15:03:24"
"830","291104855761","용산1길","0","광주광역시","cdh3261","2020-03-16 15:03:24"
"831","291104855761","용산1길","1","광주광역시","cdh3261","2020-03-16 15:03:24"
"832","291104855762","용산2길","0","광주광역시","cdh3261","2020-03-16 15:03:24"
"833","291104855762","용산2길","1","광주광역시","cdh3261","2020-03-16 15:03:24"
"834","291104855763","용산3길","0","광주광역시","cdh3261","2020-03-16 15:03:24"
"835","291104855763","용산3길","1","광주광역시","cdh3261","2020-03-16 15:03:24"
"836","291104855764","용산4길","0","광주광역시","cdh3261","2020-03-16 15:03:24"
"837","291104855764","용산4길","1","광주광역시","cdh3261","2020-03-16 15:03:24"
"838","291104856453","화산로323번길","0","광주광역시","cdh3261","2020-03-16 15:03:24"
"839","291104856453","화산로323번길","1","광주광역시","cdh3261","2020-03-16 15:03:24"
"840","291104856454","소태길27번길","0","광주광역시","cdh3261","2020-03-16 15:03:24"
"841","291104856455","소태길39번길","0","광주광역시","cdh3261","2020-03-16 15:03:24"
"842","291402009001","대남대로","0","광주광역시","cdh3261","2020-03-16 15:03:24"
"843","291402009001","대남대로","1","광주광역시","cdh3261","2020-03-16 15:03:24"
"844","291402009004","상무대로","0","광주광역시","cdh3261","2020-03-16 15:03:24"
"845","291402009004","상무대로","1","광주광역시","cdh3261","2020-03-16 15:03:24"
"846","291402009004","상무대로","2","광주광역시","cdh3261","2020-03-16 15:03:24"
"847","291402009004","상무대로","3","광주광역시","cdh3261","2020-03-16 15:03:24"
"848","291402009004","상무대로","4","광주광역시","cdh3261","2020-03-16 15:03:24"
"849","291402009004","상무대로","5","광주광역시","cdh3261","2020-03-16 15:03:24"
"850","291402009004","상무대로","6","광주광역시","cdh3261","2020-03-16 15:03:24"
"851","291402009004","상무대로","7","광주광역시","cdh3261","2020-03-16 15:03:24"
"852","291402009004","상무대로","8","광주광역시","cdh3261","2020-03-16 15:03:24"
"853","291402009006","죽봉대로","0","광주광역시","cdh3261","2020-03-16 15:03:24"
"854","291402009006","죽봉대로","1","광주광역시","cdh3261","2020-03-16 15:03:24"
"855","291402009006","죽봉대로","2","광주광역시","cdh3261","2020-03-16 15:03:24"
"856","291402009006","죽봉대로","3","광주광역시","cdh3261","2020-03-16 15:03:24"
"857","291402009008","하남대로","0","광주광역시","cdh3261","2020-03-16 15:03:24"
"858","291402009008","하남대로","1","광주광역시","cdh3261","2020-03-16 15:03:24"
"859","291402009009","무진대로","0","광주광역시","cdh3261","2020-03-16 15:03:24"
"860","291402009009","무진대로","1","광주광역시","cdh3261","2020-03-16 15:03:24"
"861","291402009009","무진대로","2","광주광역시","cdh3261","2020-03-16 15:03:24"
"862","291402009009","무진대로","3","광주광역시","cdh3261","2020-03-16 15:03:24"
"863","291402009009","무진대로","4","광주광역시","cdh3261","2020-03-16 15:03:24"
"864","291402009009","무진대로","5","광주광역시","cdh3261","2020-03-16 15:03:24"
"865","291402009010","빛고을대로","0","광주광역시","cdh3261","2020-03-16 15:03:24"
"866","291402009010","빛고을대로","1","광주광역시","cdh3261","2020-03-16 15:03:24"
"867","291402009010","빛고을대로","2","광주광역시","cdh3261","2020-03-16 15:03:24"
"868","291403000074","회재로","0","광주광역시","cdh3261","2020-03-16 15:03:24"
"869","291403000074","회재로","1","광주광역시","cdh3261","2020-03-16 15:03:24"
"870","291403000074","회재로","2","광주광역시","cdh3261","2020-03-16 15:03:24"
"871","291403000074","회재로","3","광주광역시","cdh3261","2020-03-16 15:03:24"
"872","291403000074","회재로","4","광주광역시","cdh3261","2020-03-16 15:03:24"
"873","291403000074","회재로","5","광주광역시","cdh3261","2020-03-16 15:03:24"
"874","291403009001","구성로","0","광주광역시","cdh3261","2020-03-16 15:03:24"
"875","291403009001","구성로","1","광주광역시","cdh3261","2020-03-16 15:03:24"
"876","291403009007","천변좌로","0","광주광역시","cdh3261","2020-03-16 15:03:24"
"877","291403009007","천변좌로","1","광주광역시","cdh3261","2020-03-16 15:03:24"
"878","291403009007","천변좌로","2","광주광역시","cdh3261","2020-03-16 15:03:24"
"879","291403009007","천변좌로","3","광주광역시","cdh3261","2020-03-16 15:03:24"
"880","291403009010","군분로","0","광주광역시","cdh3261","2020-03-16 15:03:24"
"881","291403009010","군분로","1","광주광역시","cdh3261","2020-03-16 15:03:24"
"882","291403009010","군분로","2","광주광역시","cdh3261","2020-03-16 15:03:24"
"883","291403009011","금화로","0","광주광역시","cdh3261","2020-03-16 15:03:24"
"884","291403009011","금화로","1","광주광역시","cdh3261","2020-03-16 15:03:24"
"885","291403009011","금화로","2","광주광역시","cdh3261","2020-03-16 15:03:24"
"886","291403009011","금화로","3","광주광역시","cdh3261","2020-03-16 15:03:24"
"887","291403009011","금화로","4","광주광역시","cdh3261","2020-03-16 15:03:24"
"888","291403009013","눌재로","0","광주광역시","cdh3261","2020-03-16 15:03:24"
"889","291403009013","눌재로","1","광주광역시","cdh3261","2020-03-16 15:03:24"
"890","291403009013","눌재로","2","광주광역시","cdh3261","2020-03-16 15:03:24"
"891","291403009013","눌재로","3","광주광역시","cdh3261","2020-03-16 15:03:24"
"892","291403009013","눌재로","4","광주광역시","cdh3261","2020-03-16 15:03:24"
"893","291403009014","송암로","0","광주광역시","cdh3261","2020-03-16 15:03:24"
"894","291403009014","송암로","1","광주광역시","cdh3261","2020-03-16 15:03:24"
"895","291403009015","월산로","0","광주광역시","cdh3261","2020-03-16 15:03:24"
"896","291403009015","월산로","1","광주광역시","cdh3261","2020-03-16 15:03:24"
"897","291403009015","월산로","2","광주광역시","cdh3261","2020-03-16 15:03:24"
"898","291403009018","경열로","0","광주광역시","cdh3261","2020-03-16 15:03:24"
"899","291403009018","경열로","1","광주광역시","cdh3261","2020-03-16 15:03:24"
"900","291403009018","경열로","2","광주광역시","cdh3261","2020-03-16 15:03:24"
"901","291403009020","독립로","0","광주광역시","cdh3261","2020-03-16 15:03:24"
"902","291403009020","독립로","1","광주광역시","cdh3261","2020-03-16 15:03:24"
"903","291403160001","계수로","0","광주광역시","cdh3261","2020-03-16 15:03:24"
"904","291403160001","계수로","1","광주광역시","cdh3261","2020-03-16 15:03:24"
"905","291403160001","계수로","2","광주광역시","cdh3261","2020-03-16 15:03:24"
"906","291403160002","군분2로","0","광주광역시","cdh3261","2020-03-16 15:03:24"
"907","291403160002","군분2로","1","광주광역시","cdh3261","2020-03-16 15:03:24"
"908","291403160003","금부로","0","광주광역시","cdh3261","2020-03-16 15:03:24"
"909","291403160003","금부로","1","광주광역시","cdh3261","2020-03-16 15:03:24"
"910","291403160003","금부로","2","광주광역시","cdh3261","2020-03-16 15:03:24"
"911","291403160004","내방로","0","광주광역시","cdh3261","2020-03-16 15:03:24"
"912","291403160004","내방로","1","광주광역시","cdh3261","2020-03-16 15:03:24"
"913","291403160004","내방로","2","광주광역시","cdh3261","2020-03-16 15:03:24"
"914","291403160004","내방로","3","광주광역시","cdh3261","2020-03-16 15:03:24"
"915","291403160004","내방로","4","광주광역시","cdh3261","2020-03-16 15:03:24"
"916","291403160004","내방로","5","광주광역시","cdh3261","2020-03-16 15:03:24"
"917","291403160005","마륵로","0","광주광역시","cdh3261","2020-03-16 15:03:24"
"918","291403160005","마륵로","1","광주광역시","cdh3261","2020-03-16 15:03:24"
"919","291403160005","마륵로","2","광주광역시","cdh3261","2020-03-16 15:03:24"
"920","291403160006","마륵복개로","0","광주광역시","cdh3261","2020-03-16 15:03:24"
"921","291403160006","마륵복개로","1","광주광역시","cdh3261","2020-03-16 15:03:24"
"922","291403160006","마륵복개로","2","광주광역시","cdh3261","2020-03-16 15:03:24"
"923","291403160006","마륵복개로","3","광주광역시","cdh3261","2020-03-16 15:03:24"
"924","291403160007","마재로","0","광주광역시","cdh3261","2020-03-16 15:03:24"
"925","291403160007","마재로","1","광주광역시","cdh3261","2020-03-16 15:03:24"
"926","291403160008","매월1로","0","광주광역시","cdh3261","2020-03-16 15:03:24"
"927","291403160008","매월1로","1","광주광역시","cdh3261","2020-03-16 15:03:24"
"928","291403160009","매월2로","0","광주광역시","cdh3261","2020-03-16 15:03:24"
"929","291403160009","매월2로","1","광주광역시","cdh3261","2020-03-16 15:03:24"
"930","291403160011","매월4로","0","광주광역시","cdh3261","2020-03-16 15:03:24"
"931","291403160011","매월4로","1","광주광역시","cdh3261","2020-03-16 15:03:24"
"932","291403160012","발산로","0","광주광역시","cdh3261","2020-03-16 15:03:24"
"933","291403160012","발산로","1","광주광역시","cdh3261","2020-03-16 15:03:24"
"934","291403160012","발산로","2","광주광역시","cdh3261","2020-03-16 15:03:24"
"935","291403160015","상무공원로","0","광주광역시","cdh3261","2020-03-16 15:03:24"
"936","291403160015","상무공원로","1","광주광역시","cdh3261","2020-03-16 15:03:24"
"937","291403160016","상무누리로","0","광주광역시","cdh3261","2020-03-16 15:03:24"
"938","291403160016","상무누리로","1","광주광역시","cdh3261","2020-03-16 15:03:24"
"939","291403160016","상무누리로","2","광주광역시","cdh3261","2020-03-16 15:03:24"
"940","291403160017","상무민주로","0","광주광역시","cdh3261","2020-03-16 15:03:24"
"941","291403160017","상무민주로","1","광주광역시","cdh3261","2020-03-16 15:03:24"
"942","291403160018","상무번영로","0","광주광역시","cdh3261","2020-03-16 15:03:24"
"943","291403160018","상무번영로","1","광주광역시","cdh3261","2020-03-16 15:03:24"
"944","291403160019","상무시민로","0","광주광역시","cdh3261","2020-03-16 15:03:24"
"945","291403160019","상무시민로","1","광주광역시","cdh3261","2020-03-16 15:03:24"
"946","291403160020","상무연하로","0","광주광역시","cdh3261","2020-03-16 15:03:24"
"947","291403160020","상무연하로","1","광주광역시","cdh3261","2020-03-16 15:03:24"
"948","291403160021","상무오월로","0","광주광역시","cdh3261","2020-03-16 15:03:24"
"949","291403160021","상무오월로","1","광주광역시","cdh3261","2020-03-16 15:03:24"
"950","291403160022","상무자유로","0","광주광역시","cdh3261","2020-03-16 15:03:24"
"951","291403160022","상무자유로","1","광주광역시","cdh3261","2020-03-16 15:03:24"
"952","291403160023","상무중앙로","0","광주광역시","cdh3261","2020-03-16 15:03:24"
"953","291403160023","상무중앙로","1","광주광역시","cdh3261","2020-03-16 15:03:24"
"954","291403160023","상무중앙로","2","광주광역시","cdh3261","2020-03-16 15:03:24"
"955","291403160023","상무중앙로","3","광주광역시","cdh3261","2020-03-16 15:03:24"
"956","291403160024","상무평화로","0","광주광역시","cdh3261","2020-03-16 15:03:24"
"957","291403160024","상무평화로","1","광주광역시","cdh3261","2020-03-16 15:03:24"
"958","291403160024","상무평화로","2","광주광역시","cdh3261","2020-03-16 15:03:24"
"959","291403160025","상무화원로","0","광주광역시","cdh3261","2020-03-16 15:03:24"
"960","291403160025","상무화원로","1","광주광역시","cdh3261","2020-03-16 15:03:24"
"961","291403160026","상일로","0","광주광역시","cdh3261","2020-03-16 15:03:24"
"962","291403160026","상일로","1","광주광역시","cdh3261","2020-03-16 15:03:24"
"963","291403160027","서광주로","0","광주광역시","cdh3261","2020-03-16 15:03:24"
"964","291403160027","서광주로","1","광주광역시","cdh3261","2020-03-16 15:03:24"
"965","291403160027","서광주로","2","광주광역시","cdh3261","2020-03-16 15:03:24"
"966","291403160027","서광주로","3","광주광역시","cdh3261","2020-03-16 15:03:24"
"967","291403160028","송풍로","0","광주광역시","cdh3261","2020-03-16 15:03:24"
"968","291403160028","송풍로","1","광주광역시","cdh3261","2020-03-16 15:03:24"
"969","291403160029","시청로","0","광주광역시","cdh3261","2020-03-16 15:03:24"
"970","291403160029","시청로","1","광주광역시","cdh3261","2020-03-16 15:03:24"
"971","291403160030","시청서편로","0","광주광역시","cdh3261","2020-03-16 15:03:24"
"972","291403160030","시청서편로","1","광주광역시","cdh3261","2020-03-16 15:03:24"
"973","291403160031","쌍촌로","0","광주광역시","cdh3261","2020-03-16 15:03:24"
"974","291403160031","쌍촌로","1","광주광역시","cdh3261","2020-03-16 15:03:24"
"975","291403160032","쌍학로","0","광주광역시","cdh3261","2020-03-16 15:03:24"
"976","291403160032","쌍학로","1","광주광역시","cdh3261","2020-03-16 15:03:24"
"977","291403160032","쌍학로","2","광주광역시","cdh3261","2020-03-16 15:03:24"
"978","291403160033","양동로","0","광주광역시","cdh3261","2020-03-16 15:03:24"
"979","291403160033","양동로","1","광주광역시","cdh3261","2020-03-16 15:03:24"
"980","291403160034","염화로","0","광주광역시","cdh3261","2020-03-16 15:03:24"
"981","291403160034","염화로","1","광주광역시","cdh3261","2020-03-16 15:03:24"
"982","291403160035","운천로","0","광주광역시","cdh3261","2020-03-16 15:03:24"
"983","291403160035","운천로","1","광주광역시","cdh3261","2020-03-16 15:03:24"
"984","291403160035","운천로","2","광주광역시","cdh3261","2020-03-16 15:03:24"
"985","291403160035","운천로","3","광주광역시","cdh3261","2020-03-16 15:03:24"
"986","291403160036","월드컵4강로","0","광주광역시","cdh3261","2020-03-16 15:03:24"
"987","291403160036","월드컵4강로","1","광주광역시","cdh3261","2020-03-16 15:03:24"
"988","291403160036","월드컵4강로","2","광주광역시","cdh3261","2020-03-16 15:03:24"
"989","291403160036","월드컵4강로","3","광주광역시","cdh3261","2020-03-16 15:03:24"
"990","291403160037","월드컵남로","0","광주광역시","cdh3261","2020-03-16 15:03:24"
"991","291403160037","월드컵남로","1","광주광역시","cdh3261","2020-03-16 15:03:24"
"992","291403160039","월드컵서로","0","광주광역시","cdh3261","2020-03-16 15:03:24"
"993","291403160039","월드컵서로","1","광주광역시","cdh3261","2020-03-16 15:03:24"
"994","291403160040","유덕로","0","광주광역시","cdh3261","2020-03-16 15:03:24"
"995","291403160040","유덕로","1","광주광역시","cdh3261","2020-03-16 15:03:24"
"996","291403160040","유덕로","2","광주광역시","cdh3261","2020-03-16 15:03:24"
"997","291403160040","유덕로","3","광주광역시","cdh3261","2020-03-16 15:03:24"
"998","291403160041","천변좌하로","0","광주광역시","cdh3261","2020-03-16 15:03:24"
"999","291403160041","천변좌하로","1","광주광역시","cdh3261","2020-03-16 15:03:24"
"1000","291403160041","천변좌하로","2","광주광역시","cdh3261","2020-03-16 15:03:24"
